codename,puzzle,action,current_index,next_index,correctness,start_time,closed_time
girlscouts-data-BabyCub,sequential-g,PUZZLE,1/2/3/4/5/6/7/,1/2/3/4/5/6/7/,C/C/C/C/C/C/C/,91,-1
girlscouts-data-BabyCub,sequential-g,REFERENCE,1/2/3/4/5/6/7/,1/2/3/4/5/6/7/,C/C/C/C/C/C/C/,108,122
girlscouts-data-BabyCub,sequential-g,END,"    this.blueTang.say(We can't let anyone find our treasure!) /
    this.clownFish.turnToFace(this.shark) /
    this.clownFish.think(Uh oh) /
    this.clownFish.turnToFace(this.blueTang) /
    this.clownFish.say(I think it's too late..) /
    this.shark.getMouth().turn(TypeExpression.FORWARD, 0.125) /
    this.shark.move(TypeExpression.FORWARD, 15.0) /",2,7,0,132
girlscouts-data-BabyCub,sequential-d,PUZZLE,1/2/3/7/6/4/5/8/,1/2/3/4/7/5/6/8/,C/C/C/I/U/U/U/U/,90,111
girlscouts-data-BabyCub,sequential-d,PUZZLE,1/2/3/4/7/5/6/8/,1/2/3/4/7/5/6/8/,C/C/C/C/I/U/U/U/,122,-1
girlscouts-data-BabyCub,sequential-d,REFERENCE,1/2/3/4/7/5/6/8/,1/2/3/4/7/6/5/8/,C/C/C/C/I/U/U/U/,141,158
girlscouts-data-BabyCub,sequential-d,PUZZLE,1/2/3/4/7/6/5/8/,1/2/3/4/5/6/7/8/,C/C/C/C/I/U/U/U/,170,186
girlscouts-data-BabyCub,sequential-d,PUZZLE,1/2/3/4/5/6/7/8/,1/2/3/4/5/6/7/8/,C/C/C/C/C/C/C/C/,194,214
girlscouts-data-BabyCub,sequential-d,END,"    this.monkey.walk(1.5) /
    this.monkey.jump and spin() /
    this.monkey.walk up to(this.treasureChest) /
    this.monkey.raise arms() /
    this.treasureChest.getChestLid().turn(TypeExpression.BACKWARD, 0.0125) /
    this.monkey.bang on(this.treasureChest) /
    this.treasureChest.getChestLid().turn(TypeExpression.BACKWARD, 0.25) /
    this.treasureMonkey.raise arms() /",4,8,0,221
girlscouts-data-BabyCub,sequential-c,PUZZLE,1/3/4/2/5/6/,1/2/3/4/5/6/,C/I/U/U/U/U/,68,81
girlscouts-data-BabyCub,sequential-c,PUZZLE,1/2/3/4/5/6/,1/2/3/4/5/6/,C/C/C/C/C/C/,96,109
girlscouts-data-BabyCub,sequential-c,END,"    this.hare.swing arm() /
    this.volleyball.move(TypeExpression.DOWN, 0.6) /
    this.hare.look down() /
    this.hare.getRightHip().turn(TypeExpression.FORWARD, 0.25) /
    this.hare.kick(this.volleyball) /
    this.net.turn(TypeExpression.BACKWARD, 0.25) /",3,6,0,114
girlscouts-data-BabyCub,dotogether-a,PUZZLE,1/6/7/2/3/4/5/8/,1/2/3/4/5/6/7/8/,C/I/U/U/U/U/U/U/,83,92
girlscouts-data-BabyCub,dotogether-a,PUZZLE,1/2/3/4/5/6/7/8/,1/2/3/4/5/6/7/8/,C/C/C/C/C/C/C/C/,100,112
girlscouts-data-BabyCub,dotogether-a,END,"    this.penguin.say(Everyone, I'd like you to meet Derek.) /
    this.DerekTheYeti.say(Hello.) /
    this.DerekTheYeti.moveToward(this.babyPenguin2, 0.5) /
    do together / {
      this.babyPenguin1.jump back() /
      this.babyPenguin2.jump back() /
      this.babyPenguin3.jump back() /
    }
    this.penguin.say(He's harmless and very kind!) /",2,8,0,118
girlscouts-data-BabyCub,dotogether-b,PUZZLE,1/2/3/4/5/6/,1/2/3/4/5/6/,C/C/C/C/C/C/,76,84
girlscouts-data-BabyCub,dotogether-b,END,"    this.troll.say(Ahhhhhh) /
    do together / {
      this.troll.sneeze and raise arms() /
      this.boat.move(TypeExpression.BACKWARD, 5.0) /
    }
    this.manatee.move(TypeExpression.UP, 0.5) /
    this.manatee.say(Bless you!) /",3,6,0,88
girlscouts-data-BabyCub,dotogether-m,PUZZLE,1/6/3/4/5/2/8/7/,1/6/3/4/5/2/8/7/,C/C/C/C/C/C/C/C/,76,88
girlscouts-data-BabyCub,dotogether-m,END,"    this.hare.say(1...2...3...JUMP!) /
    do together / {
      this.pig.jump() /
      this.hare.jump() /
    }
    this.caiman.snap jaws() /
    do together / {
      this.pig.say(UH OH!) /
      this.hare.say(UH OH!) /
    }",3,8,0,91
girlscouts-data-BabyCub,dotogether-e,PUZZLE,1/6/3/4/2/8/-1/5/7/,1/7/3/4/2/8/9/5/6/,C/C/C/C/I/U/U/U/U/,84,96
girlscouts-data-BabyCub,dotogether-e,PUZZLE,1/7/3/4/2/8/9/5/6/,1/7/3/4/2/8/9/5/6/,C/C/C/C/I/U/U/U/U/,112,-1
girlscouts-data-BabyCub,dotogether-e,REFERENCE,1/7/3/4/2/8/9/5/6/,1/7/3/4/2/8/9/5/6/,C/C/C/C/I/U/U/U/U/,128,-1
girlscouts-data-BabyCub,dotogether-e,REFERENCE,1/7/3/4/2/8/9/5/6/,1/6/3/4/2/8/9/5/7/,C/C/C/C/I/U/U/U/U/,128,138
girlscouts-data-BabyCub,dotogether-e,PUZZLE,1/6/3/4/2/8/9/5/7/,1/5/3/4/2/8/9/6/7/,C/C/C/C/I/U/U/U/U/,151,162
girlscouts-data-BabyCub,dotogether-e,PUZZLE,1/5/3/4/2/8/9/6/7/,1/5/3/4/2/8/9/6/7/,C/C/C/C/C/C/C/C/C/,167,179
girlscouts-data-BabyCub,dotogether-e,END,"    this.bush.rustle() /
    do together / {
      this.Witch.getHead().turn(TypeExpression.RIGHT, 0.125) /
      this.Witch.say(What was that?) /
    }
    do together / {
      this.Troll.legs shake() /
      this.Troll.bend over() /
      this.Troll.turn(TypeExpression.RIGHT, 0.5) /
      this.Troll.think(This place is scary..) /
    }",3,9,0,184
girlscouts-data-BabyCub,dotogether-n,PUZZLE,4/1/-1/3/5/2/,1/2/3/4/5/6/,I/U/U/U/U/U/,43,53
girlscouts-data-BabyCub,dotogether-n,PUZZLE,1/2/3/4/5/6/,1/2/3/4/5/6/,C/C/C/C/C/C/,78,88
girlscouts-data-BabyCub,dotogether-n,END,"    this.playingCard.say(Alice was just here I promise!!) /
    this.queenOfHearts.say(We BETTER find her!) /
    do together / {
      this.queenOfHearts.walk forward() /
      this.playingCard.walk forward() /
    }
    this.alice.sneak away() /",2,6,0,95
girlscouts-data-BabyCub,dotogether-o,PUZZLE,2/1/3/4/5/6/,1/2/3/4/5/6/,I/U/U/U/U/U/,43,47
girlscouts-data-BabyCub,dotogether-o,PUZZLE,1/2/3/4/5/6/,1/2/3/4/5/6/,C/C/C/C/C/C/,63,72
girlscouts-data-BabyCub,dotogether-o,END,"    this.hare.getRightShoulder().turn(TypeExpression.RIGHT, 0.125) /
    do together / {
      this.hare.hit(this.volleyball) /
      this.volleyball.fly away() /
    }
    this.hare.getHead().turn(TypeExpression.BACKWARD, 0.125) /
    this.hare.say(Aww man..) /",2,6,0,75
girlscouts-data-BabyCub,dotogether-d,PUZZLE,3/1/5/6/4/7/2/8/,1/6/3/4/2/7/8/5/,I/U/U/U/U/U/U/U/,70,76
girlscouts-data-BabyCub,dotogether-d,PUZZLE,1/6/3/4/2/7/8/5/,1/5/3/4/2/6/8/7/,C/C/C/C/I/U/U/U/,101,110
girlscouts-data-BabyCub,dotogether-d,PUZZLE,1/5/3/4/2/6/8/7/,1/5/3/4/2/6/8/7/,C/C/C/C/C/C/C/I/,120,129
girlscouts-data-BabyCub,dotogether-d,PUZZLE,1/5/3/4/2/6/8/7/,1/5/3/4/2/6/8/7/,C/C/C/C/C/C/C/C/,133,143
girlscouts-data-BabyCub,dotogether-d,END,"    this.mandril.think(A treasure chest!) /
    do together / {
      this.treasureChest.getChestLid().turn(TypeExpression.BACKWARD, 0.25) /
      this.treasureChest.say(Hello!) /
    }
    do together / {
      this.mandril.turn(TypeExpression.LEFT, 0.5) /
      this.mandril.walk(10.0) /
      this.mandril.say(Ahhhhhh!) /
    }",3,8,0,148
girlscouts-data-BabyCub,dotogether-f,PUZZLE,1/2/3/4/6/5/8/7/,1/2/3/4/6/5/8/7/,C/C/C/C/I/U/U/U/,55,-1
girlscouts-data-BabyCub,dotogether-f,REFERENCE,1/2/3/4/6/5/8/7/,1/2/3/4/6/5/8/7/,C/C/C/C/I/U/U/U/,66,-1
girlscouts-data-BabyCub,dotogether-f,PUZZLE,1/2/3/4/6/5/8/7/,1/2/3/4/6/5/8/7/,C/C/C/C/I/U/U/U/,77,-1
girlscouts-data-BabyCub,dotogether-f,REFERENCE,1/2/3/4/6/5/8/7/,1/2/3/4/5/6/8/7/,C/C/C/C/I/U/U/U/,88,97
girlscouts-data-BabyCub,dotogether-f,PUZZLE,1/2/3/4/5/6/8/7/,1/2/3/4/5/6/8/7/,C/C/C/C/C/C/C/C/,102,113
girlscouts-data-BabyCub,dotogether-f,END,"    this.Witch.say(I will turn you to stone!) /
    do together / {
      this.Ogre.move(TypeExpression.DOWN, 0.375) /
      this.Ogre.bend knees() /
    }
    do together / {
      this.Witch.cast spell() /
      this.Ogre.getRightShoulder().turn(TypeExpression.LEFT, 0.25) /
      this.Ogre.setPaint(InstanceCreation) /
    }",3,8,0,118
girlscouts-data-BabyCub,dotogether-i,PUZZLE,1/2/3/4/9/8/7/5/6/10/,1/2/3/4/9/8/6/5/7/10/,C/C/C/C/I/U/U/U/U/U/,79,89
girlscouts-data-BabyCub,dotogether-i,PUZZLE,1/2/3/4/9/8/6/5/7/10/,1/2/3/4/10/6/8/5/7/9/,C/C/C/C/I/U/U/U/U/U/,93,103
girlscouts-data-BabyCub,dotogether-i,PUZZLE,1/2/3/4/10/6/8/5/7/9/,1/2/3/4/9/6/10/5/7/8/,C/C/C/C/I/U/U/U/U/U/,122,129
girlscouts-data-BabyCub,dotogether-i,PUZZLE,1/2/3/4/9/6/10/5/7/8/,1/2/3/4/9/5/10/7/6/8/,C/C/C/C/I/U/U/U/U/U/,137,144
girlscouts-data-BabyCub,dotogether-i,PUZZLE,1/2/3/4/9/5/10/7/6/8/,1/2/3/4/9/5/7/8/6/10/,C/C/C/C/I/U/U/U/U/U/,151,157
girlscouts-data-BabyCub,dotogether-i,PUZZLE,1/2/3/4/9/5/7/8/6/10/,1/2/3/4/9/5/7/8/6/10/,C/C/C/C/I/U/U/U/U/U/,163,-1
girlscouts-data-BabyCub,dotogether-i,REFERENCE,1/2/3/4/9/5/7/8/6/10/,1/2/3/4/5/6/8/9/7/10/,C/C/C/C/I/U/U/U/U/U/,169,177
girlscouts-data-BabyCub,dotogether-i,PUZZLE,1/2/3/4/5/6/8/9/7/10/,1/2/3/4/5/6/8/9/7/10/,C/C/C/C/C/C/I/C/C/U/,181,188
girlscouts-data-BabyCub,dotogether-i,REFERENCE,1/2/3/4/5/6/8/9/7/10/,1/2/3/4/5/7/6/9/8/10/,C/C/C/C/C/C/I/C/C/U/,202,213
girlscouts-data-BabyCub,dotogether-i,PUZZLE,1/2/3/4/5/7/6/9/8/10/,1/2/3/4/5/8/7/6/9/10/,C/C/C/C/C/I/U/U/U/U/,216,242
girlscouts-data-BabyCub,dotogether-i,PUZZLE,1/2/3/4/5/8/7/6/9/10/,1/2/3/4/5/7/6/8/9/10/,C/C/C/C/C/I/U/U/U/U/,252,263
girlscouts-data-BabyCub,dotogether-i,PUZZLE,1/2/3/4/5/7/6/8/9/10/,1/2/3/4/5/6/7/8/9/10/,C/C/C/C/C/I/U/U/U/U/,288,309
girlscouts-data-BabyCub,dotogether-i,PUZZLE,1/2/3/4/5/6/7/8/9/10/,1/2/3/4/5/6/7/8/9/10/,C/C/C/C/C/C/C/C/I/U/,312,322
girlscouts-data-BabyCub,dotogether-i,PUZZLE,1/2/3/4/5/6/7/8/9/10/,1/2/3/4/5/6/7/8/9/10/,C/C/C/C/C/C/C/C/C/C/,329,338
girlscouts-data-BabyCub,dotogether-i,END,"    this.tiny yeti.turnToFace(this.big yeti) /
    do together / {
      this.tiny yeti.nod() /
      this.big yeti.nod() /
    }
    this.tiny yeti.move(TypeExpression.BACKWARD, 0.5) /
    do together / {
      this.tiny yeti.jump to hammer() /
      this.big yeti.prepare to swing hammer() /
    }
    this.big yeti.power swing() /
    this.tiny yeti.fly away() /",6,10,0,342
girlscouts-data-BabyCub,dotogether-k,REFERENCE,-1/-1/-1/-1/-1/-1/-1/-1/-1/-1/-1/,2/6/4/5/7/3/8/10/1/9/11/,I/U/U/U/U/U/U/U/U/U/U/,173,183
girlscouts-data-BabyCub,dotogether-k,PUZZLE,2/6/4/5/7/3/8/10/1/9/11/,1/5/3/4/6/2/7/9/11/8/10/,I/U/U/U/U/U/U/U/U/U/U/,293,298
girlscouts-data-BabyCub,dotogether-k,PUZZLE,1/5/3/4/6/2/7/9/11/8/10/,1/5/3/4/6/2/7/9/11/8/10/,C/I/U/U/U/U/U/U/U/U/U/,302,311
girlscouts-data-BabyCub,dotogether-k,REFERENCE,1/5/3/4/6/2/7/9/11/8/10/,1/5/3/4/6/2/7/9/11/8/10/,C/I/U/U/U/U/U/U/U/U/U/,313,-1
girlscouts-data-BabyCub,dotogether-k,REFERENCE,1/5/3/4/6/2/7/9/11/8/10/,1/5/2/3/6/4/7/9/11/8/10/,C/I/U/U/U/U/U/U/U/U/U/,330,339
girlscouts-data-BabyCub,dotogether-k,PUZZLE,1/5/2/3/6/4/7/9/11/8/10/,1/4/2/5/6/3/7/9/11/8/10/,C/I/U/U/U/U/U/U/U/U/U/,347,357
girlscouts-data-BabyCub,dotogether-k,PUZZLE,1/4/2/5/6/3/7/9/11/8/10/,1/4/2/5/6/3/7/9/11/8/10/,C/I/U/U/U/U/U/U/U/U/U/,365,-1
girlscouts-data-BabyCub,dotogether-k,REFERENCE,1/4/2/5/6/3/7/9/11/8/10/,1/2/3/4/5/6/7/9/11/8/10/,C/I/U/U/U/U/U/U/U/U/U/,374,381
girlscouts-data-BabyCub,dotogether-k,PUZZLE,1/2/3/4/5/6/7/9/11/8/10/,1/2/3/4/5/6/7/8/11/9/10/,C/C/C/C/C/C/C/I/U/U/U/,388,402
girlscouts-data-BabyCub,dotogether-k,PUZZLE,1/2/3/4/5/6/7/8/11/9/10/,1/2/3/4/5/6/7/8/11/9/10/,C/C/C/C/C/C/C/C/C/I/C/,407,419
girlscouts-data-BabyCub,dotogether-k,PUZZLE,1/2/3/4/5/6/7/8/11/9/10/,1/2/3/4/5/6/7/8/10/9/11/,C/C/C/C/C/C/C/C/C/I/I/,423,431
girlscouts-data-BabyCub,dotogether-k,PUZZLE,1/2/3/4/5/6/7/8/10/9/11/,1/2/3/4/5/6/7/8/10/9/11/,C/C/C/C/C/C/C/C/C/C/C/,437,449
girlscouts-data-BabyCub,dotogether-k,END,"    this.witch.cast spell() /
    do together / {
      this.cauldron.turn(TypeExpression.RIGHT, 4.0) /
      this.lid.move(TypeExpression.UP, 1.0) /
      this.poodle.move(TypeExpression.UP, 1.0) /
    }
    this.witch.lower arm() /
    this.witch.say(Whoops!) /
    do together / {
      this.troll.get scared() /
      this.poodle.bark() /
    }
    this.troll.say(eeee yikes!) /",4,11,0,454
girlscouts-data-BabyCub,dotogether-l,PUZZLE,1/3/2/4/5/6/7/,1/2/4/3/6/5/7/,C/I/U/U/U/U/U/,48,58
girlscouts-data-BabyCub,dotogether-l,PUZZLE,1/2/4/3/6/5/7/,1/2/3/4/6/5/7/,C/C/I/U/U/U/U/,80,90
girlscouts-data-BabyCub,dotogether-l,PUZZLE,1/2/3/4/6/5/7/,1/2/3/4/6/5/7/,C/C/C/C/C/C/C/,95,105
girlscouts-data-BabyCub,dotogether-l,END,"    this.cheshireCat.say(Okay Alice, your turn now.) /
    this.alice.move(TypeExpression.BACKWARD, 1.0) /
    do together / {
      this.alice.move legs() /
      this.alice.move(TypeExpression.UP, 1.0) /
      this.alice.moveToward(this.cheshireCat, 3.0) /
    }
    this.alice.say(I'm stuck!) /",3,7,0,112
girlscouts-data-BabyCub,dotogether-h,REFERENCE,1/-1/-1/-1/-1/-1/-1/-1/-1/-1/-1/-1/,1/-1/2/10/3/4/6/5/-1/7/9/8/,C/I/U/U/U/U/U/U/U/U/U/U/,26,30
girlscouts-data-BabyCub,dotogether-h,PUZZLE,1/-1/2/10/3/4/6/5/-1/7/9/8/,1/-1/2/3/4/5/7/6/-1/8/10/9/,C/I/U/U/U/U/U/U/U/U/U/U/,76,94
girlscouts-data-BabyCub,dotogether-h,PUZZLE,1/-1/2/3/4/5/7/6/-1/8/10/9/,1/-1/3/2/4/5/7/6/-1/8/10/9/,C/I/U/U/U/U/U/U/U/U/U/U/,157,166
girlscouts-data-BabyCub,dotogether-h,PUZZLE,1/-1/3/2/4/5/7/6/-1/8/10/9/,1/-1/4/3/5/6/8/7/2/9/11/10/,C/I/U/U/U/U/U/U/U/U/U/U/,176,182
girlscouts-data-BabyCub,dotogether-h,PUZZLE,1/-1/4/3/5/6/8/7/2/9/11/10/,1/9/4/3/5/6/8/7/2/10/12/11/,C/C/C/C/C/C/C/C/I/U/U/U/,191,201
girlscouts-data-BabyCub,dotogether-h,PUZZLE,1/9/4/3/5/6/8/7/2/10/12/11/,1/9/4/3/5/6/8/7/2/10/11/12/,C/C/C/C/C/C/C/C/C/C/C/I/,212,222
girlscouts-data-BabyCub,dotogether-h,PUZZLE,1/9/4/3/5/6/8/7/2/10/11/12/,1/10/4/3/5/6/8/7/2/9/12/11/,C/C/C/C/C/C/C/C/C/C/C/I/,229,240
girlscouts-data-BabyCub,dotogether-h,REFERENCE,1/10/4/3/5/6/8/7/2/9/12/11/,1/10/4/3/5/6/8/7/2/9/12/11/,C/C/C/C/C/C/C/C/I/U/U/U/,251,-1
girlscouts-data-BabyCub,dotogether-h,PUZZLE,1/10/4/3/5/6/8/7/2/9/12/11/,1/9/4/3/5/6/8/7/2/10/12/11/,C/C/C/C/C/C/C/C/I/U/U/U/,258,268
girlscouts-data-BabyCub,dotogether-h,PUZZLE,1/9/4/3/5/6/8/7/2/10/12/11/,1/9/4/3/5/6/8/7/2/10/12/11/,C/C/C/C/C/C/C/C/C/C/C/C/,272,278
girlscouts-data-BabyCub,dotogether-h,END,"    this.bunny.bend forward() /
    do together / {
      this.bunny.jump() /
      this.bunny.move(TypeExpression.FORWARD, 1.0) /
    }
    this.bunny.disappear() /
    do together / {
      this.hat.turn(TypeExpression.RIGHT, 2.0) /
      this.hat.move(TypeExpression.DOWN, 1.0) /
    }
    do together / {
      this.bunny.appear() /
      this.bunny.raise arms() /
      this.bunny.turn(TypeExpression.RIGHT, 2.25) /
    }",6,12,0,282
girlscouts-data-BabyCub,repeat-e,PUZZLE,1/2/3/4/5/6/7/,1/2/3/4/5/6/7/,C/C/C/C/C/C/C/,73,90
girlscouts-data-BabyCub,repeat-e,END,"    this.curupira.walk(2.0) /
    this.curupira.getNeck().turn(TypeExpression.FORWARD, 0.125) /
    this.curupira.think(Uh oh.) /
    this.curupira.move(TypeExpression.DOWN, 4.0) /
    this.mapinguari.place hands on belly() /
    count 3 / {
      this.mapinguari.laugh() /
    }",2,7,0,94
girlscouts-data-BabyCub,repeat-m,PUZZLE,1/2/3/4/5/6/7/,1/2/3/4/5/6/7/,C/C/C/C/C/C/C/,60,74
girlscouts-data-BabyCub,repeat-m,END,"    this.alien.walk(0.5) /
    count 2 / {
      this.alien.kick() /
      this.flying saucer.shake() /
    }
    this.flying saucer.fly above(this.alien) /
    this.flying saucer.beam up(this.alien) /
    this.flying saucer.fly away() /",3,7,0,78
girlscouts-data-BabyCub,repeat-gg,PUZZLE,1/2/3/5/4/6/7/,1/2/3/4/5/6/7/,C/C/C/I/U/U/U/,61,71
girlscouts-data-BabyCub,repeat-gg,PUZZLE,1/2/3/4/5/6/7/,1/2/3/4/5/6/7/,C/C/C/C/C/C/C/,76,95
girlscouts-data-BabyCub,repeat-gg,END,"    this.mandril.scare ostrich() /
    this.ostrichBaby.say(AAAHHHHH!!!!) /
    count 5 / {
      this.ostrichBaby.run(3, 0.08) /
      GlobalFirstInstanceExpression.scene.ostrichBaby.turn(TypeExpression.RIGHT, 0.5) /
    }
    this.ostrichBaby.think(I guess this is the end; there's no escape!) /
    this.fade to black() /",3,7,0,101
girlscouts-data-BabyCub,repeat-ee,PUZZLE,1/2/3/4/,1/2/3/4/,C/C/C/C/,26,54
girlscouts-data-BabyCub,repeat-ee,END,"    this.hare.walk(5.0) /
    count 3 / {
      this.hare.knock() /
    }
    this.hare.say(Anyone home?) /",3,4,0,58
girlscouts-data-BabyCub,repeat-ee,PUZZLE,1/2/3/4/,1/2/3/4/,C/C/C/C/,26,54
girlscouts-data-BabyCub,repeat-ee,END,"    this.hare.walk(5.0) /
    count 3 / {
      this.hare.knock() /
    }
    this.hare.say(Anyone home?) /",2,4,0,61
girlscouts-data-BabyCub,repeat-f,PUZZLE,4/2/1/3/5/,5/3/1/2/4/,I/U/U/U/U/,64,74
girlscouts-data-BabyCub,repeat-f,PUZZLE,5/3/1/2/4/,2/4/-1/1/3/,I/U/U/U/U/,82,90
girlscouts-data-BabyCub,repeat-f,PUZZLE,2/4/-1/1/3/,2/4/-1/1/3/,I/U/U/U/U/,114,118
girlscouts-data-BabyCub,repeat-f,REFERENCE,2/4/-1/1/3/,1/4/-1/2/3/,I/U/U/U/U/,120,125
girlscouts-data-BabyCub,repeat-f,PUZZLE,1/4/-1/2/3/,1/4/-1/2/3/,C/I/U/U/U/,128,-1
girlscouts-data-BabyCub,repeat-f,REFERENCE,1/4/-1/2/3/,1/2/-1/3/4/,C/I/U/U/U/,135,139
girlscouts-data-BabyCub,repeat-f,PUZZLE,1/2/-1/3/4/,1/2/-1/4/3/,C/C/I/U/U/,142,148
girlscouts-data-BabyCub,repeat-f,PUZZLE,1/2/-1/4/3/,1/2/3/5/4/,C/C/I/U/U/,151,156
girlscouts-data-BabyCub,repeat-f,PUZZLE,1/2/3/5/4/,1/2/3/4/5/,C/C/C/I/U/,164,174
girlscouts-data-BabyCub,repeat-f,PUZZLE,1/2/3/4/5/,1/2/3/4/5/,C/C/C/C/C/,180,191
girlscouts-data-BabyCub,repeat-f,END,"    this.Gray Rhino.getNeck().turn(TypeExpression.FORWARD, 0.0625) /
    this.White Rhino.getNeck().turn(TypeExpression.FORWARD, 0.0625) /
    count 2 / {
      this.White Rhino.drink water() /
      this.Gray Rhino.drink water() /
    }",4,5,0,193
girlscouts-data-BabyCub,repeat-a,PUZZLE,1/2/4/3/6/7/5/8/9/,1/2/4/3/5/7/6/8/9/,C/C/I/U/U/U/U/U/U/,60,71
girlscouts-data-BabyCub,repeat-a,PUZZLE,1/2/4/3/5/7/6/8/9/,1/2/4/3/5/6/7/8/9/,C/C/I/U/U/U/U/U/U/,75,84
girlscouts-data-BabyCub,repeat-a,PUZZLE,1/2/4/3/5/6/7/8/9/,1/2/3/4/5/6/7/8/9/,C/C/I/U/U/U/U/U/U/,89,99
girlscouts-data-BabyCub,repeat-a,PUZZLE,1/2/3/4/5/6/7/8/9/,1/2/3/4/5/6/7/8/9/,C/C/C/C/C/C/I/U/U/,105,116
girlscouts-data-BabyCub,repeat-a,PUZZLE,1/2/3/4/5/6/7/8/9/,1/2/3/4/5/6/7/8/9/,C/C/C/C/C/C/C/C/C/,120,140
girlscouts-data-BabyCub,repeat-a,END,"    this.tiny yeti.run forward() /
    this.tiny yeti.steal hammer() /
    this.tiny yeti.jump above yeti() /
    count 3 / {
      this.tiny yeti.swing hammer() /
      this.big yeti.shake head() /
    }
    this.tiny yeti.fall to ground() /
    count 3 / {
      this.big yeti.cry() /
    }",3,9,0,145
girlscouts-data-BabyCub,repeat-b,REFERENCE,-1/-1/-1/-1/-1/-1/-1/-1/-1/-1/,-1/-1/-1/-1/-1/-1/-1/-1/-1/-1/,I/U/U/U/U/U/U/U/U/U/,27,-1
girlscouts-data-BabyCub,repeat-b,REFERENCE,-1/-1/-1/-1/-1/-1/-1/-1/-1/-1/,1/2/-1/-1/-1/-1/-1/3/-1/-1/,I/U/U/U/U/U/U/U/U/U/,35,38
girlscouts-data-BabyCub,repeat-b,REFERENCE,1/2/-1/-1/-1/-1/-1/3/-1/-1/,1/2/3/4/5/-1/-1/-1/-1/-1/,C/C/I/U/U/U/U/U/U/U/,67,78
girlscouts-data-BabyCub,repeat-b,PUZZLE,1/2/3/4/5/-1/-1/-1/-1/-1/,1/2/3/4/5/6/8/7/9/10/,C/C/C/C/C/I/U/U/U/U/,99,111
girlscouts-data-BabyCub,repeat-b,PUZZLE,1/2/3/4/5/6/8/7/9/10/,1/2/3/4/5/6/9/7/10/8/,C/C/C/C/C/C/I/U/U/U/,132,147
girlscouts-data-BabyCub,repeat-b,PUZZLE,1/2/3/4/5/6/9/7/10/8/,1/2/3/4/5/6/9/7/10/8/,C/C/C/C/C/C/I/U/U/U/,152,-1
girlscouts-data-BabyCub,repeat-b,REFERENCE,1/2/3/4/5/6/9/7/10/8/,1/2/3/4/5/6/7/9/8/10/,C/C/C/C/C/C/I/U/U/U/,168,186
girlscouts-data-BabyCub,repeat-b,PUZZLE,1/2/3/4/5/6/7/9/8/10/,1/2/3/4/5/6/7/8/9/10/,C/C/C/C/C/C/C/I/U/U/,195,210
girlscouts-data-BabyCub,repeat-b,PUZZLE,1/2/3/4/5/6/7/8/9/10/,1/2/3/4/5/6/7/8/9/10/,C/C/C/C/C/C/C/C/C/C/,214,233
girlscouts-data-BabyCub,repeat-b,END,"    this.grey monkey.jump onto(this.couch) /
    this.grey monkey.turnToFace(this.brown monkey) /
    count 2 / {
      this.grey monkey.move arms up and down() /
      this.brown monkey.move arms up and down() /
    }
    this.grey monkey.hop side to side() /
    count 2 / {
      this.brown monkey.turn around() /
      this.brown monkey.jump forward() /
    }
    this.grey monkey.lay down() /",4,10,0,240
girlscouts-data-BabyCub,repeat-g,PUZZLE,1/2/6/3/4/5/,1/2/5/3/4/6/,C/C/I/U/U/U/,58,66
girlscouts-data-BabyCub,repeat-g,PUZZLE,1/2/5/3/4/6/,1/2/4/3/5/6/,C/C/I/U/U/U/,76,85
girlscouts-data-BabyCub,repeat-g,PUZZLE,1/2/4/3/5/6/,1/2/3/4/5/6/,C/C/I/U/U/U/,106,110
girlscouts-data-BabyCub,repeat-g,PUZZLE,1/2/3/4/5/6/,1/2/3/4/5/6/,C/C/C/C/C/C/,115,124
girlscouts-data-BabyCub,repeat-g,END,"    this.Baby Yeti.raise arms() /
    count 2 / {
      this.Baby Yeti.turn(TypeExpression.LEFT, 0.125) /
      this.Baby Yeti.turn(TypeExpression.RIGHT, 0.125) /
    }
    count 3 / {
      this.Baby Yeti.jump and spin() /
    }",4,6,0,127
girlscouts-data-BabyCub,repeat-dd,PUZZLE,1/2/3/4/7/5/6/8/,1/2/3/4/7/6/5/8/,C/C/C/C/C/I/U/U/,62,81
girlscouts-data-BabyCub,repeat-dd,PUZZLE,1/2/3/4/7/6/5/8/,1/2/3/4/6/5/8/7/,C/C/C/C/I/U/U/U/,98,109
girlscouts-data-BabyCub,repeat-dd,PUZZLE,1/2/3/4/6/5/8/7/,1/2/3/4/7/5/6/8/,C/C/C/C/C/C/I/U/,121,143
girlscouts-data-BabyCub,repeat-dd,PUZZLE,1/2/3/4/7/5/6/8/,1/2/3/4/7/6/5/8/,C/C/C/C/C/I/U/U/,152,163
girlscouts-data-BabyCub,repeat-dd,PUZZLE,1/2/3/4/7/6/5/8/,1/2/3/4/7/6/5/8/,C/C/C/C/I/U/U/U/,168,-1
girlscouts-data-BabyCub,repeat-dd,REFERENCE,1/2/3/4/7/6/5/8/,1/2/3/4/-1/5/6/7/,C/C/C/C/I/U/U/U/,179,207
girlscouts-data-BabyCub,repeat-dd,PUZZLE,1/2/3/4/-1/5/6/7/,1/2/3/4/6/5/7/8/,C/C/C/C/C/I/U/U/,214,225
girlscouts-data-BabyCub,repeat-dd,PUZZLE,1/2/3/4/6/5/7/8/,1/2/3/4/6/5/7/8/,C/C/C/C/C/C/C/C/,239,270
girlscouts-data-BabyCub,repeat-dd,END,"    this.hare.say(Ready....Set...) /
    this.hare.raise arm() /
    this.hare.say(GO!!) /
    this.hare.getRightShoulder().turn(TypeExpression.RIGHT, 0.35) /
    count 2 / {
      count 2 / {
        this.rhinos paw ground() /
      }
      this.rhinos charge() /
    }",4,8,0,273
girlscouts-data-BabyCub,repeat-cc,PUZZLE,1/5/4/3/2/6/,1/5/3/4/2/6/,C/I/U/U/U/U/,33,41
girlscouts-data-BabyCub,repeat-cc,PUZZLE,1/5/3/4/2/6/,1/2/3/4/5/6/,C/I/U/U/U/U/,47,52
girlscouts-data-BabyCub,repeat-cc,PUZZLE,1/2/3/4/5/6/,1/2/3/4/5/6/,C/C/C/C/I/U/,75,89
girlscouts-data-BabyCub,repeat-cc,PUZZLE,1/2/3/4/5/6/,1/2/3/4/5/6/,C/C/C/C/C/C/,100,117
girlscouts-data-BabyCub,repeat-cc,END,"    this.alien.say(It's time to dance!) /
    count 3 / {
      this.alien.slide to the left() /
      this.alien.slide to the right() /
      count 2 / {
        this.alien.criss cross legs() /
      }
    }",5,6,0,124
girlscouts-data-BabyCub,repeat-hh,PUZZLE,1/3/2/4/5/6/7/,1/3/2/4/5/6/7/,C/I/U/U/U/U/U/,49,57
girlscouts-data-BabyCub,repeat-hh,PUZZLE,1/3/2/4/5/6/7/,1/4/2/5/3/6/7/,C/I/U/U/U/U/U/,63,67
girlscouts-data-BabyCub,repeat-hh,PUZZLE,1/4/2/5/3/6/7/,1/2/3/5/4/6/7/,C/I/U/U/U/U/U/,73,84
girlscouts-data-BabyCub,repeat-hh,PUZZLE,1/2/3/5/4/6/7/,1/2/3/5/4/6/7/,C/C/C/I/U/U/U/,87,-1
girlscouts-data-BabyCub,repeat-hh,REFERENCE,1/2/3/5/4/6/7/,1/2/3/4/5/6/7/,C/C/C/I/U/U/U/,93,106
girlscouts-data-BabyCub,repeat-hh,PUZZLE,1/2/3/4/5/6/7/,1/2/3/4/5/6/7/,C/C/C/C/C/C/C/,111,125
girlscouts-data-BabyCub,repeat-hh,END,"    this.witch.turn(TypeExpression.RIGHT, 0.125) /
    this.witch.raise arms() /
    count 2 / {
      this.magicStaff.move up and down() /
      count 3 / {
        this.cauldron.spin() /
      }
    }
    this.cauldron.explode() /",6,7,0,129
girlscouts-data-BabyCub,repeat-ii,PUZZLE,1/2/5/3/6/4/,1/2/6/3/4/5/,C/C/I/U/U/U/,30,36
girlscouts-data-BabyCub,repeat-ii,PUZZLE,1/2/6/3/4/5/,1/2/3/4/5/6/,C/C/I/U/U/U/,41,47
girlscouts-data-BabyCub,repeat-ii,PUZZLE,1/2/3/4/5/6/,1/2/3/4/5/6/,C/C/C/C/I/U/,52,58
girlscouts-data-BabyCub,repeat-ii,PUZZLE,1/2/3/4/5/6/,1/2/3/4/5/6/,C/C/C/C/C/C/,61,87
girlscouts-data-BabyCub,repeat-ii,END,"    this.troll.say(I really wish I had something to row with) /
    count 5 / {
      count 2 / {
        this.troll.row() /
        this.boat.move(TypeExpression.BACKWARD, 0.25) /
      }
      this.troll.take a nap() /
    }",3,6,0,92
girlscouts-data-BabyCub,repeat-c,PUZZLE,1/4/5/6/7/2/3/8/9/,1/2/3/4/5/6/7/8/9/,C/C/I/U/U/U/U/U/U/,58,62
girlscouts-data-BabyCub,repeat-c,PUZZLE,1/2/3/4/5/6/7/8/9/,1/2/3/4/5/6/7/8/9/,C/C/C/C/C/C/C/C/C/,78,93
girlscouts-data-BabyCub,repeat-c,END,"    this.dolphin.approach(this.fishing boat) /
    count 2 / {
      this.dolphin.bump(this.fishing boat) /
      this.fishing boat.shake() /
      this.fishing boat.move(TypeExpression.DOWN, 0.1) /
      count 2 / {
        this.rabbit.jump around() /
      }
    }
    this.fishing boat.sink completely() /
    this.rabbit.ride(this.dolphin) /",4,9,0,98
girlscouts-data-BabyCub,repeat-ff,PUZZLE,1/2/3/4/5/6/,1/2/-1/3/4/5/,C/C/C/C/I/U/,34,46
girlscouts-data-BabyCub,repeat-ff,PUZZLE,1/2/-1/3/4/5/,1/2/4/3/5/6/,C/C/I/U/U/U/,62,74
girlscouts-data-BabyCub,repeat-ff,PUZZLE,1/2/4/3/5/6/,1/2/4/5/3/6/,C/C/I/U/U/U/,85,90
girlscouts-data-BabyCub,repeat-ff,PUZZLE,1/2/4/5/3/6/,1/2/-1/4/3/5/,C/C/I/U/U/U/,99,108
girlscouts-data-BabyCub,repeat-ff,REFERENCE,1/2/-1/4/3/5/,1/2/3/4/5/6/,C/C/I/U/U/U/,116,131
girlscouts-data-BabyCub,repeat-ff,PUZZLE,1/2/3/4/5/6/,1/2/3/4/5/6/,C/C/C/C/C/C/,140,151
girlscouts-data-BabyCub,repeat-ff,END,"    this.phoenix.say(I can do this, I know I can!) /
    count 5 / {
      count 3 / {
        this.phoenix.flap wings(0.125) /
      }
      this.phoenix.glide() /
    }
    this.phoenix.land on rock() /",4,6,0,155
girlscouts-data-BabyCub,repeat-j,REFERENCE,-1/-1/-1/-1/-1/-1/,1/2/3/4/5/6/,I/U/U/U/U/U/,38,48
girlscouts-data-BabyCub,repeat-j,PUZZLE,1/2/3/4/5/6/,1/2/3/4/5/6/,C/C/C/C/C/C/,77,84
girlscouts-data-BabyCub,repeat-j,END,"    this.witch.activate(this.cauldron) /
    count 3 / {
      this.cauldron.jump and spin() /
      do together / {
        this.witch.jump backwards() /
        this.troll.jump backwards() /
      }
    }",1,6,0,87
girlscouts-data-BabyCub,repeat-o,PUZZLE,1/2/3/5/4/6/7/8/9/10/11/,1/2/3/5/4/6/7/8/9/10/11/,C/C/C/C/C/C/C/C/C/C/C/,67,81
girlscouts-data-BabyCub,repeat-o,END,"    this.troll.say(I have a bad feeling) /
    count 2 / {
      do together / {
        this.cauldron.shake() /
        this.lid.shoot up and down() /
      }
    }
    this.witch.say(?) /
    this.witch.move(TypeExpression.FORWARD, 0.5) /
    this.cauldron.shrink and disappear() /
    do together / {
      this.troll.jump back() /
      this.witch.jump back() /
    }",2,11,0,85
girlscouts-data-BabyCub,repeat-l,REFERENCE,-1/-1/-1/-1/-1/-1/,1/-1/-1/-1/-1/2/,I/U/U/U/U/U/,1862,1869
girlscouts-data-BabyCub,repeat-l,REFERENCE,1/-1/-1/-1/-1/2/,1/2/-1/4/-1/3/,C/I/U/U/U/U/,1891,1899
girlscouts-data-BabyCub,repeat-l,REFERENCE,1/2/-1/4/-1/3/,1/2/3/6/4/5/,C/C/I/U/U/U/,1911,1920
girlscouts-data-BabyCub,repeat-l,PUZZLE,1/2/3/6/4/5/,1/2/3/6/4/5/,C/C/C/C/C/C/,1949,1959
girlscouts-data-BabyCub,repeat-l,END,"    this.cat.turn(TypeExpression.RIGHT, 0.5) /
    this.cat.raise arms() /
    do together / {
      this.alien.turnToFace(this.cat) /
      count 12 / {
        this.cat.type at keyboard() /
      }
    }",3,6,0,1963
girlscouts-data-BabyCub,repeat-i,PUZZLE,5/3/4/1/2/7/6/,5/7/6/1/2/3/4/,C/I/U/U/U/U/U/,51,57
girlscouts-data-BabyCub,repeat-i,PUZZLE,5/7/6/1/2/3/4/,1/3/2/4/5/6/7/,C/I/U/U/U/U/U/,87,93
girlscouts-data-BabyCub,repeat-i,PUZZLE,1/3/2/4/5/6/7/,1/2/3/4/5/6/7/,C/I/U/U/U/U/U/,98,102
girlscouts-data-BabyCub,repeat-i,PUZZLE,1/2/3/4/5/6/7/,1/2/3/4/5/6/7/,C/C/C/C/C/C/C/,106,126
girlscouts-data-BabyCub,repeat-i,END,"    count 3 / {
      this.penguin.turn(TypeExpression.RIGHT, 0.5) /
      this.penguin.move(TypeExpression.FORWARD, 1.0) /
    }
    count 3 / {
      do together / {
        this.penguin.flutter wings() /
        this.penguin.jump() /
      }
    }",3,7,0,129
girlscouts-data-BabyCub,repeat-q,PUZZLE,1/4/2/3/5/6/7/,1/5/2/3/4/6/7/,C/I/U/U/U/U/U/,69,81
girlscouts-data-BabyCub,repeat-q,PUZZLE,1/5/2/3/4/6/7/,1/2/3/4/5/6/7/,C/I/U/U/U/U/U/,88,97
girlscouts-data-BabyCub,repeat-q,PUZZLE,1/2/3/4/5/6/7/,1/2/-1/-1/3/4/5/,C/C/C/C/C/I/I/,104,135
girlscouts-data-BabyCub,repeat-q,PUZZLE,1/2/-1/-1/3/4/5/,1/4/2/3/5/6/7/,C/C/I/U/U/U/U/,146,151
girlscouts-data-BabyCub,repeat-q,PUZZLE,1/4/2/3/5/6/7/,1/4/2/3/5/6/7/,C/I/U/U/U/U/U/,160,167
girlscouts-data-BabyCub,repeat-q,PUZZLE,1/4/2/3/5/6/7/,5/3/1/2/4/6/7/,C/I/U/U/U/U/U/,176,180
girlscouts-data-BabyCub,repeat-q,PUZZLE,5/3/1/2/4/6/7/,1/4/2/3/5/6/7/,I/U/U/U/U/U/U/,186,190
girlscouts-data-BabyCub,repeat-q,PUZZLE,1/4/2/3/5/6/7/,1/4/2/3/5/6/7/,C/I/U/U/U/U/U/,199,206
girlscouts-data-BabyCub,repeat-q,PUZZLE,1/4/2/3/5/6/7/,1/2/3/4/5/6/7/,C/I/U/U/U/U/U/,214,219
girlscouts-data-BabyCub,repeat-q,REFERENCE,1/2/3/4/5/6/7/,1/2/3/4/5/6/7/,C/C/C/C/C/I/I/,283,-1
girlscouts-data-BabyCub,repeat-q,PUZZLE,1/2/3/4/5/6/7/,1/2/3/4/5/6/7/,C/C/C/C/C/I/I/,311,330
girlscouts-data-BabyCub,repeat-q,PUZZLE,1/2/3/4/5/6/7/,1/2/3/4/5/6/7/,C/C/C/C/C/C/C/,337,359
girlscouts-data-BabyCub,repeat-q,END,"    this.ogre.sit down() /
    this.ogre.go to sleep() /
    do together / {
      count 2 / {
        this.ogre.snore() /
      }
      this.tortoise.walk up and toss flower() /
      this.desertTortoise.crawl() /
    }",5,7,0,362
girlscouts-data-BabyCub,repeat-n,REFERENCE,1/-1/-1/-1/-1/-1/-1/-1/-1/-1/,1/5/2/3/4/7/6/8/9/10/,C/I/U/U/U/U/U/U/U/U/,35,40
girlscouts-data-BabyCub,repeat-n,PUZZLE,1/5/2/3/4/7/6/8/9/10/,1/2/3/4/5/7/6/8/9/10/,C/I/U/U/U/U/U/U/U/U/,76,82
girlscouts-data-BabyCub,repeat-n,PUZZLE,1/2/3/4/5/7/6/8/9/10/,1/2/3/4/5/6/7/8/9/10/,C/C/C/C/C/I/U/U/U/U/,110,123
girlscouts-data-BabyCub,repeat-n,PUZZLE,1/2/3/4/5/6/7/8/9/10/,1/2/3/4/5/6/7/8/9/10/,C/C/C/C/C/C/C/C/C/C/,126,135
girlscouts-data-BabyCub,repeat-n,END,"    count 2 / {
      do together / {
        this.big yeti.swing hammer() /
        this.tiny yeti.lean back() /
      }
      this.tiny yeti.shrink() /
    }
    this.big yeti.drop hammer() /
    this.tiny yeti.jump and grow(2.0) /
    do together / {
      this.tiny yeti.take a bow() /
      this.big yeti.take a bow() /
    }",3,10,0,139
girlscouts-data-BabyCub,repeat-x,PUZZLE,4/3/2/1/5/6/7/8/10/9/11/12/,4/1/3/2/5/6/7/8/10/9/11/12/,I/U/U/U/U/U/U/U/U/U/U/U/,151,154
girlscouts-data-BabyCub,repeat-x,PUZZLE,4/1/3/2/5/6/7/8/10/9/11/12/,2/3/1/4/5/6/7/8/10/9/11/12/,I/U/U/U/U/U/U/U/U/U/U/U/,161,166
girlscouts-data-BabyCub,repeat-x,PUZZLE,2/3/1/4/5/6/7/8/10/9/11/12/,1/3/2/4/5/6/7/8/10/9/11/12/,I/U/U/U/U/U/U/U/U/U/U/U/,191,198
girlscouts-data-BabyCub,repeat-x,PUZZLE,1/3/2/4/5/6/7/8/10/9/11/12/,1/2/4/3/6/7/5/8/10/9/11/12/,C/I/U/U/U/U/U/U/U/U/U/U/,216,227
girlscouts-data-BabyCub,repeat-x,PUZZLE,1/2/4/3/6/7/5/8/10/9/11/12/,1/2/-1/3/4/5/6/7/9/8/10/11/,C/C/I/U/U/U/U/U/U/U/U/U/,263,283
girlscouts-data-BabyCub,repeat-x,PUZZLE,1/2/-1/3/4/5/6/7/9/8/10/11/,1/2/-1/5/3/4/6/7/9/8/10/11/,C/C/I/U/U/U/U/U/U/U/U/U/,310,328
girlscouts-data-BabyCub,repeat-x,PUZZLE,1/2/-1/5/3/4/6/7/9/8/10/11/,1/2/3/6/4/5/7/8/10/9/11/12/,C/C/I/U/U/U/U/U/U/U/U/U/,342,357
girlscouts-data-BabyCub,repeat-x,PUZZLE,1/2/3/6/4/5/7/8/10/9/11/12/,1/2/3/6/4/5/7/8/10/9/11/12/,C/C/C/C/C/C/C/C/C/C/C/C/,382,400
girlscouts-data-BabyCub,repeat-x,END,"    this.alienRobot.land on ground() /
    this.alien.turnToFace(this.alienRobot) /
    do together / {
      this.alien.say(Yay, you're home!) /
      count 3 / {
        this.alienRobot.jump() /
      }
    }
    this.alien.think(Hmmm I wish I could make you bigger...) /
    do together / {
      this.alien.cast alien magic() /
      this.alien.say(Abbbbra Ka-Da-Bra) /
    }
    this.alienRobot.resize(3.0) /
    this.alienRobot.face camera() /",5,12,0,407
girlscouts-data-BabyCub,repeat-p,PUZZLE,-1/2/3/4/5/1/-1/-1/-1/-1/-1/,6/2/3/4/5/1/8/7/9/10/11/,C/C/C/C/C/I/U/U/U/U/U/,92,107
girlscouts-data-BabyCub,repeat-p,PUZZLE,6/2/3/4/5/1/8/7/9/10/11/,6/2/3/4/5/1/8/7/9/10/11/,C/C/C/C/C/C/C/C/C/C/C/,126,148
girlscouts-data-BabyCub,repeat-p,END,"    do together / {
      this.shark.move(TypeExpression.FORWARD, 25.0) /
      count 4 / {
        this.fish.swim forward() /
        this.fish.turn around() /
      }
    }
    do together / {
      this.fish.turnToFace(this.shark) /
      this.shark.turnToFace(this.fish) /
    }
    this.shark.open mouth() /
    this.shark.moveTo(this.fish) /
    this.shark.close mouth() /",2,11,0,154
girlscouts-data-BabyCub,repeat-r,REFERENCE,2/-1/-1/-1/1/-1/-1/-1/-1/-1/,1/-1/3/2/4/6/5/7/9/8/,I/U/U/U/U/U/U/U/U/U/,39,55
girlscouts-data-BabyCub,repeat-r,PUZZLE,1/-1/3/2/4/6/5/7/9/8/,1/2/3/5/4/7/6/8/10/9/,C/I/U/U/U/U/U/U/U/U/,135,143
girlscouts-data-BabyCub,repeat-r,PUZZLE,1/2/3/5/4/7/6/8/10/9/,1/2/3/4/5/7/6/8/10/9/,C/C/C/I/U/I/U/U/U/U/,157,165
girlscouts-data-BabyCub,repeat-r,PUZZLE,1/2/3/4/5/7/6/8/10/9/,1/2/3/4/5/7/6/8/10/9/,C/C/C/C/I/I/U/U/U/U/,169,186
girlscouts-data-BabyCub,repeat-r,PUZZLE,1/2/3/4/5/7/6/8/10/9/,1/2/3/4/5/8/7/9/10/6/,C/C/C/C/C/I/U/U/U/U/,193,212
girlscouts-data-BabyCub,repeat-r,PUZZLE,1/2/3/4/5/8/7/9/10/6/,1/2/3/4/5/7/6/8/9/-1/,C/C/C/C/C/I/U/U/U/U/,220,229
girlscouts-data-BabyCub,repeat-r,PUZZLE,1/2/3/4/5/7/6/8/9/-1/,1/2/3/4/5/6/7/8/9/-1/,C/C/C/C/C/I/U/U/U/U/,234,248
girlscouts-data-BabyCub,repeat-r,PUZZLE,1/2/3/4/5/6/7/8/9/-1/,1/2/3/4/5/6/7/8/9/-1/,C/C/C/C/C/C/C/C/C/I/,251,268
girlscouts-data-BabyCub,repeat-r,PUZZLE,1/2/3/4/5/6/7/8/9/-1/,1/2/3/4/5/6/7/8/9/10/,C/C/C/C/C/C/C/C/I/I/,272,287
girlscouts-data-BabyCub,repeat-r,PUZZLE,1/2/3/4/5/6/7/8/9/10/,1/2/3/4/5/6/7/8/9/10/,C/C/C/C/C/C/C/C/C/C/,300,319
girlscouts-data-BabyCub,repeat-r,END,"    this.bunny.say(We've located the treasure!) /
    do together / {
      count 3 / {
        this.pirateShip.move(TypeExpression.FORWARD, 25.0) /
      }
      this.camera.move(TypeExpression.FORWARD, 75.0) /
    }
    this.camera fly to island() /
    do together / {
      this.treasureChest.getChestLid().turn(TypeExpression.BACKWARD, 0.25) /
      this.coinPile.appear() /
      this.coinStack.appear() /
    }",3,10,0,325
girlscouts-data-BabyCub,repeat-w,PUZZLE,1/2/3/4/5/,1/2/3/4/5/,C/C/C/C/C/,44,57
girlscouts-data-BabyCub,repeat-w,END,"    this.hare.pick up(this.basketball) /
    do together / {
      count 10 / {
        this.hare.dribble ball once(this.basketball) /
      }
      this.hare.walk(2.0) /
    }",4,5,0,60
girlscouts-data-BabyCub,repeat-y,REFERENCE,-1/3/2/1/-1/-1/-1/-1/-1/,5/3/2/1/4/7/6/8/9/,C/C/C/I/U/U/U/U/U/,53,81
girlscouts-data-BabyCub,repeat-y,PUZZLE,5/3/2/1/4/7/6/8/9/,7/3/2/1/4/5/6/9/8/,C/C/C/I/U/U/U/U/U/,116,140
girlscouts-data-BabyCub,repeat-y,PUZZLE,7/3/2/1/4/5/6/9/8/,5/3/2/1/4/6/7/8/9/,C/C/C/I/U/U/U/U/U/,168,176
girlscouts-data-BabyCub,repeat-y,PUZZLE,5/3/2/1/4/6/7/8/9/,5/3/2/1/4/7/6/8/9/,C/C/C/I/U/U/U/U/U/,190,198
girlscouts-data-BabyCub,repeat-y,PUZZLE,5/3/2/1/4/7/6/8/9/,4/3/2/1/-1/6/5/7/8/,C/C/C/I/U/U/U/U/U/,202,210
girlscouts-data-BabyCub,repeat-y,PUZZLE,4/3/2/1/-1/6/5/7/8/,-1/3/2/1/4/6/5/7/8/,C/C/C/C/C/I/I/U/U/,215,238
girlscouts-data-BabyCub,repeat-y,PUZZLE,-1/3/2/1/4/6/5/7/8/,-1/3/2/1/4/6/5/7/8/,C/C/C/I/U/U/U/U/U/,248,256
girlscouts-data-BabyCub,repeat-y,PUZZLE,-1/3/2/1/4/6/5/7/8/,-1/3/2/1/4/6/5/7/8/,C/C/C/I/U/U/U/U/U/,275,-1
girlscouts-data-BabyCub,repeat-y,REFERENCE,-1/3/2/1/4/6/5/7/8/,-1/3/2/1/4/6/5/7/8/,C/C/C/I/U/U/U/U/U/,284,-1
girlscouts-data-BabyCub,repeat-y,REFERENCE,-1/3/2/1/4/6/5/7/8/,-1/3/2/1/4/6/5/7/8/,C/C/C/I/U/U/U/U/U/,304,-1
girlscouts-data-BabyCub,repeat-y,REFERENCE,-1/3/2/1/4/6/5/7/8/,4/3/2/1/5/7/6/8/9/,C/C/C/I/U/U/U/U/U/,324,343
girlscouts-data-BabyCub,repeat-y,PUZZLE,4/3/2/1/5/7/6/8/9/,5/3/2/1/4/7/6/8/9/,C/C/C/C/C/I/U/I/U/,352,360
girlscouts-data-BabyCub,repeat-y,PUZZLE,5/3/2/1/4/7/6/8/9/,4/3/2/1/6/5/7/8/9/,C/C/C/I/U/U/U/U/U/,369,402
girlscouts-data-BabyCub,repeat-y,PUZZLE,4/3/2/1/6/5/7/8/9/,4/3/2/1/5/6/7/8/9/,C/C/C/C/I/C/I/I/U/,418,433
girlscouts-data-BabyCub,repeat-y,PUZZLE,4/3/2/1/5/6/7/8/9/,4/3/2/1/5/6/7/8/9/,C/C/C/C/C/C/C/C/C/,439,457
girlscouts-data-BabyCub,repeat-y,END,"    do together / {
      this.blueDragon.stand up() /
      this.redDragon.raise leg and spin() /
    }
    do together / {
      count 3 / {
        this.redDragon.lift up legs() /
      }
      this.redDragon.jump up and down() /
    }
    this.redDragon.turnToFace(this.blueDragon) /
    this.blueDragon.hide() /",6,9,0,465
girlscouts-data-BabyCub,repeat-aa,PUZZLE,1/7/8/4/5/6/2/3/9/10/11/,1/7/8/3/4/6/2/5/9/10/11/,C/I/U/U/U/U/U/U/U/U/U/,52,64
girlscouts-data-BabyCub,repeat-aa,PUZZLE,1/7/8/3/4/6/2/5/9/10/11/,1/7/8/3/5/6/2/4/9/10/11/,C/I/U/U/U/U/U/U/U/U/U/,76,85
girlscouts-data-BabyCub,repeat-aa,PUZZLE,1/7/8/3/5/6/2/4/9/10/11/,1/7/8/5/4/6/2/3/9/10/11/,C/I/U/U/U/U/U/U/U/U/U/,90,98
girlscouts-data-BabyCub,repeat-aa,PUZZLE,1/7/8/5/4/6/2/3/9/10/11/,1/2/3/4/5/6/7/8/9/10/11/,C/I/U/U/U/U/U/U/U/U/U/,106,135
girlscouts-data-BabyCub,repeat-aa,PUZZLE,1/2/3/4/5/6/7/8/9/10/11/,1/2/3/4/5/6/7/8/9/10/11/,C/C/C/C/I/I/U/U/U/U/U/,151,162
girlscouts-data-BabyCub,repeat-aa,PUZZLE,1/2/3/4/5/6/7/8/9/10/11/,1/2/3/4/5/6/7/8/9/10/11/,C/C/C/C/C/C/C/C/C/C/C/,175,192
girlscouts-data-BabyCub,repeat-aa,END,"    this.alien.say(Oh no!) /
    do together / {
      count 2 / {
        this.shark.circle(this.sailboat) /
      }
      this.sailboat.sink() /
    }
    this.alien.turnToFace(this.shark) /
    count 2 / {
      do together / {
        this.alien.get bigger() /
        this.shark.get smaller() /
      }
    }
    this.alien.say(Silly Earthlings!) /",5,11,0,197
girlscouts-data-BabyCub,doinorder-a,REFERENCE,1/-1/-1/-1/-1/-1/-1/-1/-1/,1/2/3/6/4/5/7/8/9/,C/I/U/U/U/U/U/U/U/,27,33
girlscouts-data-BabyCub,doinorder-a,PUZZLE,1/2/3/6/4/5/7/8/9/,1/2/3/5/4/6/7/8/9/,C/C/C/C/C/I/I/I/I/,60,73
girlscouts-data-BabyCub,doinorder-a,PUZZLE,1/2/3/5/4/6/7/8/9/,1/2/3/6/4/5/7/8/9/,C/C/C/C/I/U/U/U/I/,85,97
girlscouts-data-BabyCub,doinorder-a,PUZZLE,1/2/3/6/4/5/7/8/9/,1/2/3/5/4/6/7/8/9/,C/C/C/C/C/I/U/I/I/,105,114
girlscouts-data-BabyCub,doinorder-a,PUZZLE,1/2/3/5/4/6/7/8/9/,1/2/3/5/4/6/7/8/9/,C/C/C/C/I/U/U/I/I/,135,141
girlscouts-data-BabyCub,doinorder-a,PUZZLE,1/2/3/5/4/6/7/8/9/,1/2/3/5/4/6/7/8/9/,C/C/C/C/I/I/I/I/I/,149,159
girlscouts-data-BabyCub,doinorder-a,PUZZLE,1/2/3/5/4/6/7/8/9/,1/2/3/5/4/6/7/8/9/,C/C/C/C/I/U/U/I/I/,169,180
girlscouts-data-BabyCub,doinorder-a,PUZZLE,1/2/3/5/4/6/7/8/9/,1/2/3/5/4/6/7/8/9/,C/C/C/C/I/U/I/I/I/,199,-1
girlscouts-data-BabyCub,doinorder-a,PUZZLE,1/2/3/5/4/6/7/8/9/,1/2/4/3/5/6/7/8/9/,C/C/C/C/I/U/I/I/I/,201,210
girlscouts-data-BabyCub,doinorder-a,PUZZLE,1/2/4/3/5/6/7/8/9/,1/2/4/3/5/6/7/8/9/,C/C/I/U/U/U/U/U/U/,227,237
girlscouts-data-BabyCub,doinorder-a,PUZZLE,1/2/4/3/5/6/7/8/9/,1/2/3/4/5/6/7/8/9/,C/C/I/U/U/U/U/U/U/,252,261
girlscouts-data-BabyCub,doinorder-a,PUZZLE,1/2/3/4/5/6/7/8/9/,1/2/3/4/5/6/7/8/9/,C/C/C/C/C/C/C/C/C/,268,283
girlscouts-data-BabyCub,doinorder-a,END,"    this.pilot.say(Here we go!) /
    this.plane.flip() /
    do together / {
      this.plane.swerve past(ArrayInstanceCreation) /
      do in order / {
        this.balloon (1).move(TypeExpression.RIGHT, 20.0) /
        this.balloon (2).move(TypeExpression.LEFT, 20.0) /
        this.balloon (3).move(TypeExpression.RIGHT, 20.0) /
      }
    }
    this.plane.fly away() /",4,9,0,286
girlscouts-data-BabyCub,doinorder-f,PUZZLE,1/2/9/8/7/3/4/5/6/,1/2/9/8/7/3/4/5/6/,C/C/C/C/C/C/C/C/C/,56,65
girlscouts-data-BabyCub,doinorder-f,END,"    this.bunny.cover eyes() /
    do together / {
      this.cheshireCat.hide() /
      this.hare.hide() /
      this.mandril.hide() /
      do in order / {
        this.bunny.say(One..) /
        this.bunny.say(Two..) /
        this.bunny.say(Three!) /
      }
    }",1,9,0,69
girlscouts-data-BabyCub,doinorder-k,PUZZLE,1/2/3/4/5/6/7/8/,1/2/3/4/5/6/7/8/,C/C/C/C/C/C/C/C/,32,44
girlscouts-data-BabyCub,doinorder-k,END,"    this.whiteRabbit.turnToFace(this.camera) /
    this.whiteRabbit.say(Please give a round of applause to the SCARIEST creatures in Wonderland!) /
    do together / {
      this.whiteRabbit.clap() /
      do in order / {
        this.bigBadWolf.appear() /
        this.troll.appear() /
        this.yeti.appear() /
      }
    }",2,8,0,46
girlscouts-data-BabyCub,doinorder-n,PUZZLE,1/3/4/5/2/6/,1/3/4/6/2/5/,C/I/C/C/C/I/,43,48
girlscouts-data-BabyCub,doinorder-n,PUZZLE,1/3/4/6/2/5/,2/1/4/6/3/5/,C/I/C/C/I/U/,53,56
girlscouts-data-BabyCub,doinorder-n,PUZZLE,2/1/4/6/3/5/,3/2/5/1/4/6/,I/U/U/U/U/U/,65,69
girlscouts-data-BabyCub,doinorder-n,PUZZLE,3/2/5/1/4/6/,2/4/5/1/3/6/,I/U/U/U/U/U/,73,78
girlscouts-data-BabyCub,doinorder-n,PUZZLE,2/4/5/1/3/6/,2/4/5/1/3/6/,I/U/U/U/U/U/,96,100
girlscouts-data-BabyCub,doinorder-n,PUZZLE,2/4/5/1/3/6/,2/4/5/1/3/6/,I/U/U/U/U/U/,111,117
girlscouts-data-BabyCub,doinorder-n,PUZZLE,2/4/5/1/3/6/,1/4/5/2/3/6/,I/U/U/U/U/U/,120,123
girlscouts-data-BabyCub,doinorder-n,PUZZLE,1/4/5/2/3/6/,1/2/3/4/5/6/,C/I/I/C/C/I/,130,136
girlscouts-data-BabyCub,doinorder-n,PUZZLE,1/2/3/4/5/6/,1/2/3/4/5/6/,C/C/C/C/C/C/,144,153
girlscouts-data-BabyCub,doinorder-n,END,"    do together / {
      this.alien.run in circles() /
      do in order / {
        this.uFO.move(TypeExpression.UP, 30.0) /
        this.uFO.moveToward(this.alien, 150.0) /
      }
    }
    this.uFO.beam up(this.alien) /",5,6,0,156
girlscouts-data-BabyCub,doinorder-l,PUZZLE,3/1/4/2/8/5/6/7/9/,3/1/4/2/8/5/6/7/9/,I/U/U/U/U/U/U/U/U/,70,81
girlscouts-data-BabyCub,doinorder-l,PUZZLE,3/1/4/2/8/5/6/7/9/,3/1/4/2/8/5/6/7/9/,I/U/U/U/U/U/U/U/U/,102,119
girlscouts-data-BabyCub,doinorder-l,REFERENCE,3/1/4/2/8/5/6/7/9/,1/2/4/3/6/7/8/9/5/,I/U/U/U/U/U/U/U/U/,133,155
girlscouts-data-BabyCub,doinorder-l,PUZZLE,1/2/4/3/6/7/8/9/5/,1/2/3/4/5/6/7/8/9/,C/C/C/I/U/I/I/I/I/,169,185
girlscouts-data-BabyCub,doinorder-l,PUZZLE,1/2/3/4/5/6/7/8/9/,1/2/3/4/5/6/7/8/9/,C/C/C/C/C/C/C/C/C/,204,232
girlscouts-data-BabyCub,doinorder-l,END,"    this.uFO.fly through stars() /
    do together / {
      this.uFO.zig zag through meteors() /
      do in order / {
        this.meteor.launch() /
        this.bus.launch() /
        this.cow.launch() /
        this.toilet.launch() /
      }
    }
    this.uFO.say(We made it!) /",6,9,0,236
girlscouts-data-BabyCub,doinorder-o,REFERENCE,-1/1/-1/2/-1/-1/-1/-1/-1/3/-1/-1/,7/1/4/2/6/5/8/9/10/3/11/12/,I/U/U/U/U/U/U/U/U/U/U/U/,50,57
girlscouts-data-BabyCub,doinorder-o,PUZZLE,7/1/4/2/6/5/8/9/10/3/11/12/,4/8/3/9/1/2/5/6/7/10/12/11/,I/U/U/U/U/U/U/U/U/U/U/U/,146,166
girlscouts-data-BabyCub,doinorder-o,PUZZLE,4/8/3/9/1/2/5/6/7/10/12/11/,2/7/4/8/1/3/5/6/9/10/12/11/,I/U/U/U/U/U/U/U/U/U/U/U/,223,229
girlscouts-data-BabyCub,doinorder-o,PUZZLE,2/7/4/8/1/3/5/6/9/10/12/11/,2/7/4/8/1/3/5/6/9/10/12/11/,I/U/U/U/U/U/U/U/U/U/U/U/,263,-1
girlscouts-data-BabyCub,doinorder-o,REFERENCE,2/7/4/8/1/3/5/6/9/10/12/11/,1/7/4/8/2/3/5/6/9/10/12/11/,I/U/U/U/U/U/U/U/U/U/U/U/,268,272
girlscouts-data-BabyCub,doinorder-o,PUZZLE,1/7/4/8/2/3/5/6/9/10/12/11/,1/7/4/8/2/3/5/6/9/10/12/11/,C/I/U/U/U/U/U/U/U/U/U/U/,278,-1
girlscouts-data-BabyCub,doinorder-o,REFERENCE,1/7/4/8/2/3/5/6/9/10/12/11/,2/1/3/4/5/6/7/8/9/10/12/11/,C/I/U/U/U/U/U/U/U/U/U/U/,284,293
girlscouts-data-BabyCub,doinorder-o,PUZZLE,2/1/3/4/5/6/7/8/9/10/12/11/,2/1/3/4/5/6/7/8/9/10/12/11/,I/U/U/U/U/U/U/U/U/U/U/U/,331,338
girlscouts-data-BabyCub,doinorder-o,REFERENCE,2/1/3/4/5/6/7/8/9/10/12/11/,1/2/3/4/5/6/7/8/9/10/12/11/,I/U/U/U/U/U/U/U/U/U/U/U/,339,342
girlscouts-data-BabyCub,doinorder-o,PUZZLE,1/2/3/4/5/6/7/8/9/10/12/11/,1/2/3/4/5/6/7/8/9/10/12/11/,C/C/C/C/C/C/C/C/C/C/C/C/,345,360
girlscouts-data-BabyCub,doinorder-o,END,"    this.blueTang.turnToFace(this.clownFish) /
    do together / {
      this.shark.move(TypeExpression.FORWARD, 20.0) /
      this.shark.turn(TypeExpression.LEFT, 0.05) /
      do in order / {
        this.clownFish.moveToward(this.blueTang, 2.0) /
        this.clownFish.say(Where did you get all that gold?) /
        this.blueTang.turnToFace(this.coinStack) /
        this.blueTang.say(Internet) /
      }
    }
    do together / {
      this.shark.talk() /
      this.shark.say(Have you guys seen my treasure?) /
    }",5,12,0,365
girlscouts-data-BabyCub,doinorder-w,PUZZLE,2/3/4/1/7/6/8/5/9/10/13/11/12/,2/3/4/1/7/6/8/5/9/10/13/11/12/,I/U/U/U/U/U/U/U/U/U/U/U/U/,67,-1
girlscouts-data-BabyCub,doinorder-w,REFERENCE,2/3/4/1/7/6/8/5/9/10/13/11/12/,2/3/9/1/6/5/7/4/8/10/13/11/12/,I/U/U/U/U/U/U/U/U/U/U/U/U/,80,88
girlscouts-data-BabyCub,doinorder-w,PUZZLE,2/3/9/1/6/5/7/4/8/10/13/11/12/,3/4/1/2/9/5/6/8/7/10/13/11/12/,I/U/U/U/U/U/U/U/U/U/U/U/U/,120,133
girlscouts-data-BabyCub,doinorder-w,PUZZLE,3/4/1/2/9/5/6/8/7/10/13/11/12/,3/4/1/2/9/5/6/8/7/10/13/11/12/,I/U/U/U/U/U/U/U/U/U/U/U/U/,170,-1
girlscouts-data-BabyCub,doinorder-w,REFERENCE,3/4/1/2/9/5/6/8/7/10/13/11/12/,3/4/1/2/9/5/6/8/7/10/13/11/12/,I/U/U/U/U/U/U/U/U/U/U/U/U/,177,-1
girlscouts-data-BabyCub,doinorder-w,REFERENCE,3/4/1/2/9/5/6/8/7/10/13/11/12/,3/4/1/2/9/5/6/8/7/10/13/11/12/,I/U/U/U/U/U/U/U/U/U/U/U/U/,187,-1
girlscouts-data-BabyCub,doinorder-w,REFERENCE,3/4/1/2/9/5/6/8/7/10/13/11/12/,-1/-1/1/-1/-1/-1/-1/-1/-1/2/-1/-1/-1/,I/U/U/U/U/U/U/U/U/U/U/U/U/,198,200
girlscouts-data-BabyCub,doinorder-w,REFERENCE,-1/-1/1/-1/-1/-1/-1/-1/-1/2/-1/-1/-1/,1/2/9/4/5/7/6/3/8/13/12/11/10/,I/U/U/U/U/U/U/U/U/U/U/U/U/,207,211
girlscouts-data-BabyCub,doinorder-w,PUZZLE,1/2/9/4/5/7/6/3/8/13/12/11/10/,1/2/9/3/5/7/6/4/8/13/12/11/10/,C/C/I/U/U/U/U/U/U/U/U/U/U/,260,273
girlscouts-data-BabyCub,doinorder-w,PUZZLE,1/2/9/3/5/7/6/4/8/13/12/11/10/,1/2/3/8/5/7/6/4/9/10/13/11/12/,C/C/I/U/U/U/U/U/U/U/U/U/U/,278,283
girlscouts-data-BabyCub,doinorder-w,PUZZLE,1/2/3/8/5/7/6/4/9/10/13/11/12/,1/2/3/6/5/8/7/4/9/10/13/11/12/,C/C/C/C/I/I/I/I/U/U/U/U/U/,341,351
girlscouts-data-BabyCub,doinorder-w,PUZZLE,1/2/3/6/5/8/7/4/9/10/13/11/12/,1/2/3/6/5/8/7/4/9/10/13/11/12/,C/C/C/C/I/I/U/U/U/U/U/U/U/,361,376
girlscouts-data-BabyCub,doinorder-w,PUZZLE,1/2/3/6/5/8/7/4/9/10/13/11/12/,1/2/3/5/6/8/7/4/9/10/13/11/12/,C/C/C/C/I/C/I/U/U/U/U/U/U/,388,402
girlscouts-data-BabyCub,doinorder-w,PUZZLE,1/2/3/5/6/8/7/4/9/10/13/11/12/,1/2/3/5/6/8/7/4/9/10/13/11/12/,C/C/C/C/C/C/I/U/U/U/U/U/U/,411,433
girlscouts-data-BabyCub,doinorder-w,PUZZLE,1/2/3/5/6/8/7/4/9/10/13/11/12/,1/2/3/5/6/8/7/4/9/10/13/11/12/,C/C/C/C/C/C/I/U/U/U/U/U/U/,441,-1
girlscouts-data-BabyCub,doinorder-w,REFERENCE,1/2/3/5/6/8/7/4/9/10/13/11/12/,1/2/3/5/6/8/7/4/10/9/13/11/12/,C/C/C/C/C/C/I/U/U/U/U/U/U/,452,465
girlscouts-data-BabyCub,doinorder-w,PUZZLE,1/2/3/5/6/8/7/4/10/9/13/11/12/,1/2/3/5/6/8/7/4/9/10/13/11/12/,C/C/C/C/C/C/I/U/U/U/U/U/U/,469,482
girlscouts-data-BabyCub,doinorder-w,PUZZLE,1/2/3/5/6/8/7/4/9/10/13/11/12/,1/2/3/5/6/8/7/4/9/10/13/11/12/,C/C/C/C/C/C/I/U/I/U/U/U/U/,489,502
girlscouts-data-BabyCub,doinorder-w,PUZZLE,1/2/3/5/6/8/7/4/9/10/13/11/12/,1/2/3/5/6/8/7/4/9/10/13/11/12/,C/C/C/C/C/C/I/U/U/U/U/U/U/,512,-1
girlscouts-data-BabyCub,doinorder-w,REFERENCE,1/2/3/5/6/8/7/4/9/10/13/11/12/,1/2/3/5/6/8/7/4/9/10/13/11/12/,C/C/C/C/C/C/I/U/U/U/U/U/U/,528,-1
girlscouts-data-BabyCub,doinorder-w,REFERENCE,1/2/3/5/6/8/7/4/9/10/13/11/12/,1/2/3/5/6/8/7/4/9/10/13/11/12/,C/C/C/C/C/C/I/U/U/U/U/U/U/,544,-1
girlscouts-data-BabyCub,doinorder-w,REFERENCE,1/2/3/5/6/8/7/4/9/10/13/11/12/,1/2/3/5/6/8/7/4/9/10/13/11/12/,C/C/C/C/C/C/I/U/U/U/U/U/U/,558,-1
girlscouts-data-BabyCub,doinorder-w,REFERENCE,1/2/3/5/6/8/7/4/9/10/13/11/12/,1/2/3/5/6/7/8/4/9/10/13/11/12/,C/C/C/C/C/C/I/U/U/U/U/U/U/,570,581
girlscouts-data-BabyCub,doinorder-w,PUZZLE,1/2/3/5/6/7/8/4/9/10/13/11/12/,1/2/3/5/6/7/8/4/9/10/13/11/12/,C/C/C/C/C/C/C/C/C/C/C/C/C/,584,600
girlscouts-data-BabyCub,doinorder-w,END,"    GlobalFirstInstanceExpression.scene.yeti.say(We've got you now!) /
    this.madHatter.say(Not so fast!) /
    do together / {
      do in order / {
        this.wall.fall down() /
        GlobalFirstInstanceExpression.scene.castleGate.move(TypeExpression.UP, 5.0) /
        GlobalFirstInstanceExpression.scene.bigBadWolf.resize(0.25) /
      }
      this.madHatter.dance() /
    }
    this.madHatter.walk(6.0) /
    do together / {
      this.bigBadWolf.say(So not cool.) /
      this.troll.say(So not cool.) /
      this.yeti.say(So not cool.) /
    }",7,13,0,604
girlscouts-data-BabyCub,doinorder-g,PUZZLE,2/4/5/1/3/6/7/8/,2/5/3/1/4/6/7/8/,I/U/U/U/U/U/U/U/,49,58
girlscouts-data-BabyCub,doinorder-g,PUZZLE,2/5/3/1/4/6/7/8/,1/5/3/2/4/6/7/8/,I/U/U/U/U/U/U/U/,63,71
girlscouts-data-BabyCub,doinorder-g,PUZZLE,1/5/3/2/4/6/7/8/,1/5/2/3/4/6/7/8/,C/I/U/U/U/U/U/U/,75,84
girlscouts-data-BabyCub,doinorder-g,PUZZLE,1/5/2/3/4/6/7/8/,1/2/3/4/5/6/7/8/,C/I/U/U/U/U/U/U/,87,93
girlscouts-data-BabyCub,doinorder-g,PUZZLE,1/2/3/4/5/6/7/8/,1/2/3/4/5/6/7/8/,C/C/C/C/C/C/C/C/,153,164
girlscouts-data-BabyCub,doinorder-g,END,"    this.hare.think(I hate tumbleweeds..) /
    do together / {
      this.tumbleweed.roll() /
      do in order / {
        this.hare.walk(4.0) /
        this.hare.getHead().turn(TypeExpression.FORWARD, 0.125) /
        this.hare.kick(this.tumbleweed) /
        this.hare.fall down() /
      }
    }",3,8,0,168
girlscouts-data-BabyCub,doinorder-x,REFERENCE,1/-1/-1/-1/-1/2/3/4/5/6/-1/-1/,1/2/7/8/3/6/9/10/11/12/4/5/,C/I/U/U/U/U/U/U/U/U/U/U/,39,44
girlscouts-data-BabyCub,doinorder-x,PUZZLE,1/2/7/8/3/6/9/10/11/12/4/5/,1/2/7/8/3/6/9/10/11/12/4/5/,C/C/I/U/U/I/U/U/U/U/U/U/,69,77
girlscouts-data-BabyCub,doinorder-x,REFERENCE,1/2/7/8/3/6/9/10/11/12/4/5/,1/2/7/8/3/6/9/10/11/12/4/5/,C/C/I/U/U/I/U/U/U/U/U/U/,86,-1
girlscouts-data-BabyCub,doinorder-x,REFERENCE,1/2/7/8/3/6/9/10/11/12/4/5/,1/2/3/4/5/8/9/10/11/12/6/7/,C/C/I/U/U/I/U/U/U/U/U/U/,99,102
girlscouts-data-BabyCub,doinorder-x,PUZZLE,1/2/3/4/5/8/9/10/11/12/6/7/,1/2/3/4/5/8/9/10/11/12/6/7/,C/C/C/C/C/C/C/I/U/U/U/U/,186,198
girlscouts-data-BabyCub,doinorder-x,PUZZLE,1/2/3/4/5/8/9/10/11/12/6/7/,1/2/3/4/5/8/9/10/11/12/6/7/,C/C/C/C/C/C/C/C/C/C/C/C/,221,230
girlscouts-data-BabyCub,doinorder-x,END,"    this.hippo.say(Let's practice again.) /
    do together / {
      this.hippo.raise arms() /
      this.yeti.raise arms() /
    }
    do together / {
      do in order / {
        this.hippo.turn(TypeExpression.RIGHT, 1.0) /
        this.yeti.turn(TypeExpression.RIGHT, 1.0) /
        this.hippo.put legs forward() /
        this.yeti.put legs forward() /
      }
      this.yeti.jump() /
      this.hippo.jump() /
    }",6,12,0,233
girlscouts-data-BabyCub,doinorder-p,PUZZLE,1/2/-1/-1/5/4/6/7/3/,1/2/3/5/6/7/8/9/4/,C/C/I/U/U/U/U/U/U/,42,52
girlscouts-data-BabyCub,doinorder-p,PUZZLE,1/2/3/5/6/7/8/9/4/,1/2/3/5/6/7/8/9/4/,C/C/C/C/C/C/C/C/C/,81,94
girlscouts-data-BabyCub,doinorder-p,END,"    this.manatee.say(Hey guys!!) /
    this.dolphin.say(Ahhh!!) /
    do together / {
      do in order / {
        this.pajamaFish.swim away from(this.shark) /
        this.dolphin.swim away from(this.shark) /
        this.clownFish.swim away from(this.shark) /
        this.blueTang.swim away from(this.shark) /
      }
      this.shark.move(TypeExpression.FORWARD, 10.0) /
    }",5,9,0,116
girlscouts-data-BabyCub,doinorder-d,REFERENCE,-1/-1/-1/-1/1/-1/-1/-1/-1/,1/-1/-1/-1/2/-1/-1/-1/-1/,I/U/U/U/U/U/U/U/U/,37,40
girlscouts-data-BabyCub,doinorder-d,PUZZLE,1/-1/-1/-1/2/-1/-1/-1/-1/,1/-1/-1/-1/2/-1/-1/-1/-1/,C/I/U/U/U/U/U/U/U/,62,-1
girlscouts-data-BabyCub,doinorder-d,REFERENCE,1/-1/-1/-1/2/-1/-1/-1/-1/,1/2/-1/3/7/6/5/4/-1/,C/I/U/U/U/U/U/U/U/,67,70
girlscouts-data-BabyCub,doinorder-d,PUZZLE,1/2/-1/3/7/6/5/4/-1/,1/2/-1/6/7/5/4/3/-1/,C/C/C/I/I/I/I/I/U/,133,138
girlscouts-data-BabyCub,doinorder-d,PUZZLE,1/2/-1/6/7/5/4/3/-1/,1/3/2/7/8/6/5/4/-1/,C/C/I/I/I/I/I/I/U/,144,151
girlscouts-data-BabyCub,doinorder-d,PUZZLE,1/3/2/7/8/6/5/4/-1/,1/2/3/4/8/7/6/5/-1/,C/I/U/U/U/U/U/U/U/,161,166
girlscouts-data-BabyCub,doinorder-d,PUZZLE,1/2/3/4/8/7/6/5/-1/,1/2/3/4/9/7/6/5/8/,C/C/C/C/I/I/I/I/U/,170,188
girlscouts-data-BabyCub,doinorder-d,REFERENCE,1/2/3/4/9/7/6/5/8/,1/3/2/4/8/7/6/5/9/,C/C/C/C/I/I/I/I/I/,199,215
girlscouts-data-BabyCub,doinorder-d,PUZZLE,1/3/2/4/8/7/6/5/9/,1/2/3/4/8/7/6/5/9/,C/I/U/U/U/U/U/U/U/,245,250
girlscouts-data-BabyCub,doinorder-d,PUZZLE,1/2/3/4/8/7/6/5/9/,1/2/3/4/8/7/6/5/9/,C/C/C/C/I/I/I/I/U/,253,258
girlscouts-data-BabyCub,doinorder-d,REFERENCE,1/2/3/4/8/7/6/5/9/,2/3/4/5/1/8/7/6/9/,C/C/C/C/I/I/I/I/U/,260,267
girlscouts-data-BabyCub,doinorder-d,PUZZLE,2/3/4/5/1/8/7/6/9/,1/3/4/5/2/8/7/6/9/,I/U/U/U/U/U/U/U/U/,300,306
girlscouts-data-BabyCub,doinorder-d,PUZZLE,1/3/4/5/2/8/7/6/9/,1/-1/-1/-1/-1/-1/-1/-1/-1/,C/I/U/U/U/U/U/U/U/,310,315
girlscouts-data-BabyCub,doinorder-d,PUZZLE,1/-1/-1/-1/-1/-1/-1/-1/-1/,1/2/4/3/-1/5/6/7/-1/,C/I/U/U/U/U/U/U/U/,344,347
girlscouts-data-BabyCub,doinorder-d,PUZZLE,1/2/4/3/-1/5/6/7/-1/,1/2/4/3/-1/-1/-1/-1/-1/,C/C/C/C/I/I/I/I/U/,375,382
girlscouts-data-BabyCub,doinorder-d,PUZZLE,1/2/4/3/-1/-1/-1/-1/-1/,1/2/4/3/-1/5/6/7/-1/,C/C/C/C/I/U/U/U/U/,390,396
girlscouts-data-BabyCub,doinorder-d,PUZZLE,1/2/4/3/-1/5/6/7/-1/,1/2/4/3/-1/7/5/6/-1/,C/C/C/C/I/U/U/U/U/,409,415
girlscouts-data-BabyCub,doinorder-d,PUZZLE,1/2/4/3/-1/7/5/6/-1/,1/2/4/3/-1/7/6/5/-1/,C/C/C/C/I/U/U/U/U/,419,426
girlscouts-data-BabyCub,doinorder-d,PUZZLE,1/2/4/3/-1/7/6/5/-1/,1/2/4/3/5/8/7/6/-1/,C/C/C/C/I/U/U/U/U/,430,434
girlscouts-data-BabyCub,doinorder-d,PUZZLE,1/2/4/3/5/8/7/6/-1/,1/2/4/3/5/8/7/6/-1/,C/C/C/C/I/U/U/U/U/,437,442
girlscouts-data-BabyCub,doinorder-d,PUZZLE,1/2/4/3/5/8/7/6/-1/,1/2/4/3/5/8/7/6/9/,C/C/C/C/C/C/C/C/I/,451,456
girlscouts-data-BabyCub,doinorder-d,PUZZLE,1/2/4/3/5/8/7/6/9/,1/2/4/3/5/8/7/6/9/,C/C/C/C/C/C/C/C/C/,461,471
girlscouts-data-BabyCub,doinorder-d,END,"    this.Witch.raise arms() /
    do together / {
      this.Cauldron.bubble() /
      this.Troll.scared() /
      do in order / {
        this.Witch.roll(TypeExpression.LEFT, 0.125) /
        this.Witch.roll(TypeExpression.RIGHT, 0.25) /
        this.Witch.roll(TypeExpression.LEFT, 0.125) /
      }
    }
    this.poodle.rise from cauldron() /",6,9,0,474
girlscouts-data-BabyCub,doinorder-b,REFERENCE,1/-1/-1/2/-1/-1/-1/-1/-1/-1/-1/,1/2/-1/3/-1/-1/-1/-1/-1/-1/-1/,C/I/U/U/U/U/U/U/U/U/U/,32,35
girlscouts-data-BabyCub,doinorder-b,REFERENCE,1/2/-1/3/-1/-1/-1/-1/-1/-1/-1/,1/2/-1/3/4/5/6/-1/-1/-1/-1/,C/C/I/U/U/U/U/U/U/U/U/,39,44
girlscouts-data-BabyCub,doinorder-b,PUZZLE,1/2/-1/3/4/5/6/-1/-1/-1/-1/,1/2/3/4/5/8/9/7/6/10/-1/,C/C/I/U/U/U/U/U/U/U/U/,52,59
girlscouts-data-BabyCub,doinorder-b,REFERENCE,1/2/3/4/5/8/9/7/6/10/-1/,1/2/3/4/5/8/9/7/6/10/11/,C/C/C/C/C/I/U/U/U/U/U/,86,99
girlscouts-data-BabyCub,doinorder-b,PUZZLE,1/2/3/4/5/8/9/7/6/10/11/,1/2/3/4/5/6/7/8/9/10/11/,C/C/C/C/C/I/U/U/U/U/U/,103,110
girlscouts-data-BabyCub,doinorder-b,PUZZLE,1/2/3/4/5/6/7/8/9/10/11/,1/2/3/4/5/6/7/8/9/10/11/,C/C/C/C/C/C/C/C/C/I/U/,119,127
girlscouts-data-BabyCub,doinorder-b,PUZZLE,1/2/3/4/5/6/7/8/9/10/11/,1/2/3/4/5/6/7/8/9/10/11/,C/C/C/C/C/C/C/C/C/C/C/,136,144
girlscouts-data-BabyCub,doinorder-b,END,"    this.yeti.flap arms() /
    this.penguin.jump() /
    do together / {
      this.floating ice.move towards(this.yeti) /
      do in order / {
        this.walrus.swim up from below() /
        this.walrus.jump onto(this.floating ice) /
        this.walrus.push off ice(this.penguin) /
        this.penguin.flap and fall into water() /
      }
    }
    this.walrus.turn(TypeExpression.LEFT, 0.5) /
    this.yeti.jump back() /",5,11,0,156
girlscouts-data-BabyCub,doinorder-q,PUZZLE,1/-1/-1/3/4/5/2/6/,1/2/4/5/6/7/3/8/,C/I/U/U/U/U/U/U/,37,42
girlscouts-data-BabyCub,doinorder-q,PUZZLE,1/2/4/5/6/7/3/8/,1/2/4/5/6/7/3/8/,C/C/C/C/C/C/C/I/,64,91
girlscouts-data-BabyCub,doinorder-q,PUZZLE,1/2/4/5/6/7/3/8/,1/2/4/5/6/7/3/8/,C/C/C/C/C/C/C/C/,93,102
girlscouts-data-BabyCub,doinorder-q,END,"    this.witch.turnToFace(this.cauldron) /
    do together / {
      do in order / {
        this.cauldron.spin() /
        this.cauldron.glow() /
        this.bigBadWolf.rise() /
      }
      this.witch.cast spell() /
    }
    this.bigBadWolf.turnToFace(this.witch) /",8,8,0,106
girlscouts-data-BabyCub,doinorder-y,PUZZLE,1/4/3/5/2/6/7/9/8/10/11/12/13/14/15/,1/4/3/5/2/6/7/9/8/10/11/12/13/14/15/,C/C/C/C/C/C/C/C/C/C/C/C/C/C/C/,88,101
girlscouts-data-BabyCub,doinorder-y,END,"    do together / {
      this.alien.say(Limbo!) /
      this.marchHare.say(Limbo!) /
      this.tortoise.say(Limbo!) /
      this.goldenMonkey.say(Limbo!) /
    }
    do together / {
      this.alien.walk(6.0) /
      this.marchHare.walk(7.0) /
      this.tortoise.walk(8.0) /
      this.goldenMonkey.walk(9.0) /
      do in order / {
        this.alien.getSpineBase().turn(TypeExpression.BACKWARD, 0.2) /
        this.marchHare.getSpineBase().turn(TypeExpression.BACKWARD, 0.25) /
        this.tortoise.getSpineBase().turn(TypeExpression.BACKWARD, 0.2) /
        this.goldenMonkey.getSpineBase().turn(TypeExpression.BACKWARD, 0.27) /
      }
    }",2,15,0,107
girlscouts-data-BabyCub,doinorder-m,REFERENCE,1/-1/3/-1/2/-1/-1/-1/,3/5/6/1/4/2/7/8/,C/I/U/U/U/U/U/U/,22,28
girlscouts-data-BabyCub,doinorder-m,PUZZLE,3/5/6/1/4/2/7/8/,3/5/6/1/4/2/7/8/,I/U/U/U/U/U/U/U/,55,63
girlscouts-data-BabyCub,doinorder-m,PUZZLE,3/5/6/1/4/2/7/8/,1/7/5/3/2/4/6/8/,I/U/U/U/U/U/U/U/,80,83
girlscouts-data-BabyCub,doinorder-m,PUZZLE,1/7/5/3/2/4/6/8/,1/-1/5/2/3/4/6/7/,C/I/U/U/U/U/U/U/,95,99
girlscouts-data-BabyCub,doinorder-m,PUZZLE,1/-1/5/2/3/4/6/7/,1/-1/5/2/4/3/6/7/,C/I/U/U/U/U/U/U/,109,114
girlscouts-data-BabyCub,doinorder-m,PUZZLE,1/-1/5/2/4/3/6/7/,1/-1/5/2/4/3/6/7/,C/I/U/U/U/U/U/U/,124,132
girlscouts-data-BabyCub,doinorder-m,REFERENCE,1/-1/5/2/4/3/6/7/,-1/-1/-1/-1/-1/-1/-1/-1/,C/I/U/U/U/U/U/U/,133,135
girlscouts-data-BabyCub,doinorder-m,REFERENCE,-1/-1/-1/-1/-1/-1/-1/-1/,1/2/4/5/3/7/6/8/,I/U/U/U/U/U/U/U/,143,147
girlscouts-data-BabyCub,doinorder-m,PUZZLE,1/2/4/5/3/7/6/8/,1/2/5/4/3/7/6/8/,C/C/I/C/I/U/U/U/,177,187
girlscouts-data-BabyCub,doinorder-m,PUZZLE,1/2/5/4/3/7/6/8/,1/2/3/5/4/7/6/8/,C/C/I/I/I/U/U/U/,194,205
girlscouts-data-BabyCub,doinorder-m,PUZZLE,1/2/3/5/4/7/6/8/,1/2/3/5/4/6/7/8/,C/C/C/I/I/U/U/U/,215,227
girlscouts-data-BabyCub,doinorder-m,PUZZLE,1/2/3/5/4/6/7/8/,1/6/4/2/5/3/7/8/,C/C/C/I/I/U/U/U/,236,245
girlscouts-data-BabyCub,doinorder-m,PUZZLE,1/6/4/2/5/3/7/8/,1/2/7/5/8/6/3/4/,C/I/U/U/U/U/U/U/,267,273
girlscouts-data-BabyCub,doinorder-m,PUZZLE,1/2/7/5/8/6/3/4/,1/2/3/5/4/6/7/8/,C/C/I/I/I/I/U/U/,278,282
girlscouts-data-BabyCub,doinorder-m,PUZZLE,1/2/3/5/4/6/7/8/,1/2/3/5/6/7/4/8/,C/C/C/I/I/U/U/U/,291,297
girlscouts-data-BabyCub,doinorder-m,PUZZLE,1/2/3/5/6/7/4/8/,1/2/3/6/5/7/4/8/,C/C/C/I/I/U/U/U/,303,308
girlscouts-data-BabyCub,doinorder-m,PUZZLE,1/2/3/6/5/7/4/8/,1/2/3/6/4/7/5/8/,C/C/C/I/I/I/U/U/,316,322
girlscouts-data-BabyCub,doinorder-m,PUZZLE,1/2/3/6/4/7/5/8/,1/2/3/6/4/7/5/8/,C/C/C/I/I/I/U/U/,326,332
girlscouts-data-BabyCub,doinorder-m,REFERENCE,1/2/3/6/4/7/5/8/,1/2/3/6/4/7/5/8/,C/C/C/I/I/I/U/U/,334,345
girlscouts-data-BabyCub,doinorder-m,REFERENCE,1/2/3/6/4/7/5/8/,1/2/3/5/4/7/6/8/,C/C/C/I/I/I/U/U/,348,354
girlscouts-data-BabyCub,doinorder-m,PUZZLE,1/2/3/5/4/7/6/8/,1/2/3/5/4/7/6/8/,C/C/C/I/I/U/U/U/,373,379
girlscouts-data-BabyCub,doinorder-m,PUZZLE,1/2/3/5/4/7/6/8/,1/2/3/6/5/7/4/8/,C/C/C/I/U/U/U/U/,383,389
girlscouts-data-BabyCub,doinorder-m,PUZZLE,1/2/3/6/5/7/4/8/,1/2/3/5/6/8/4/7/,C/C/C/I/I/U/U/U/,395,399
girlscouts-data-BabyCub,doinorder-m,PUZZLE,1/2/3/5/6/8/4/7/,1/2/3/5/4/7/6/8/,C/C/C/I/I/U/U/U/,404,407
girlscouts-data-BabyCub,doinorder-m,PUZZLE,1/2/3/5/4/7/6/8/,1/2/3/5/4/7/6/8/,C/C/C/I/I/U/U/U/,419,-1
girlscouts-data-BabyCub,doinorder-m,REFERENCE,1/2/3/5/4/7/6/8/,1/2/3/-1/4/-1/5/6/,C/C/C/I/I/U/U/U/,436,442
girlscouts-data-BabyCub,doinorder-m,PUZZLE,1/2/3/-1/4/-1/5/6/,1/2/3/4/5/6/7/8/,C/C/C/I/I/I/U/U/,452,456
girlscouts-data-BabyCub,doinorder-m,PUZZLE,1/2/3/4/5/6/7/8/,1/2/3/4/5/6/7/8/,C/C/C/C/C/C/C/C/,509,520
girlscouts-data-BabyCub,doinorder-m,END,"    this.ufo.say(TAKEOFF SEQUENCE INITIATED) /
    do together / {
      this.ufo.lift off and fly away() /
      do in order / {
        this.alien.turn(TypeExpression.LEFT, 4.0) /
        do together / {
          this.alien.raise arms() /
          this.alien.create oasis() /
        }
      }
    }",8,8,0,524
girlscouts-data-BabyCub,doinorder-r,PUZZLE,2/-1/-1/3/5/4/-1/1/-1/-1/-1/-1/,1/-1/-1/3/5/4/-1/2/-1/-1/-1/-1/,I/U/U/U/U/U/U/U/U/U/U/U/,48,55
girlscouts-data-BabyCub,doinorder-r,PUZZLE,1/-1/-1/3/5/4/-1/2/-1/-1/-1/-1/,1/-1/-1/3/4/5/-1/2/-1/-1/-1/-1/,C/C/I/C/I/U/U/U/U/U/U/U/,59,67
girlscouts-data-BabyCub,doinorder-r,PUZZLE,1/-1/-1/3/4/5/-1/2/-1/-1/-1/-1/,1/-1/-1/3/5/4/-1/2/-1/-1/-1/-1/,C/C/I/I/I/I/U/U/U/U/U/U/,72,80
girlscouts-data-BabyCub,doinorder-r,PUZZLE,1/-1/-1/3/5/4/-1/2/-1/-1/-1/-1/,1/8/4/3/7/6/5/2/9/10/11/12/,C/C/I/C/I/I/U/U/U/U/U/U/,84,105
girlscouts-data-BabyCub,doinorder-r,PUZZLE,1/8/4/3/7/6/5/2/9/10/11/12/,1/8/4/3/7/5/6/2/9/10/11/12/,C/C/I/C/I/U/I/I/U/U/U/U/,165,173
girlscouts-data-BabyCub,doinorder-r,PUZZLE,1/8/4/3/7/5/6/2/9/10/11/12/,1/7/4/3/6/5/8/2/9/10/11/12/,C/C/I/C/I/I/I/I/U/U/U/U/,178,184
girlscouts-data-BabyCub,doinorder-r,PUZZLE,1/7/4/3/6/5/8/2/9/10/11/12/,1/7/5/3/4/6/8/2/9/10/11/12/,C/C/I/C/I/I/I/U/U/U/U/U/,192,209
girlscouts-data-BabyCub,doinorder-r,PUZZLE,1/7/5/3/4/6/8/2/9/10/11/12/,-1/-1/-1/-1/-1/-1/-1/-1/-1/-1/-1/-1/,C/C/I/I/I/U/U/U/U/U/U/U/,229,233
girlscouts-data-BabyCub,doinorder-r,REFERENCE,-1/-1/-1/-1/-1/-1/-1/-1/-1/-1/-1/-1/,1/2/-1/4/5/3/-1/-1/-1/-1/-1/-1/,I/U/U/U/U/U/U/U/U/U/U/U/,248,259
girlscouts-data-BabyCub,doinorder-r,PUZZLE,1/2/-1/4/5/3/-1/-1/-1/-1/-1/-1/,1/2/-1/4/5/3/-1/-1/-1/-1/-1/-1/,C/C/C/I/I/I/U/U/U/U/U/U/,284,-1
girlscouts-data-BabyCub,doinorder-r,REFERENCE,1/2/-1/4/5/3/-1/-1/-1/-1/-1/-1/,1/2/4/5/6/3/-1/-1/-1/-1/-1/-1/,C/C/C/I/I/I/U/U/U/U/U/U/,298,304
girlscouts-data-BabyCub,doinorder-r,PUZZLE,1/2/4/5/6/3/-1/-1/-1/-1/-1/-1/,1/2/4/5/6/3/7/8/11/9/10/12/,C/C/C/C/C/C/I/U/U/U/U/U/,311,319
girlscouts-data-BabyCub,doinorder-r,PUZZLE,1/2/4/5/6/3/7/8/11/9/10/12/,1/2/4/5/6/3/7/8/11/9/10/12/,C/C/C/C/C/C/C/C/C/C/C/C/,338,346
girlscouts-data-BabyCub,doinorder-r,END,"    this.ostrich.raise leg() /
    do together / {
      do in order / {
        this.hare.move(TypeExpression.LEFT, 0.5) /
        this.hare.walkTo(this.riverRock) /
      }
      this.ostrich.turn(TypeExpression.RIGHT, 4.0) /
    }
    this.ostrich.straightenOutJoints() /
    do together / {
      this.ostrich.getRightWingShoulder().turn(TypeExpression.BACKWARD, 0.125) /
      this.ostrich.getLeftWingShoulder().turn(TypeExpression.BACKWARD, 0.125) /
      this.ostrich.getNeck().turn(TypeExpression.FORWARD, 0.25) /
    }
    this.fence close() /",8,12,0,351
girlscouts-data-BabyCub,doinorder-t,PUZZLE,1/2/3/4/5/6/7/10/9/13/11/8/12/,1/2/3/4/5/6/7/8/9/13/11/10/12/,C/C/C/C/C/C/C/I/U/U/U/U/U/,65,73
girlscouts-data-BabyCub,doinorder-t,PUZZLE,1/2/3/4/5/6/7/8/9/13/11/10/12/,1/2/3/4/5/6/7/8/9/13/11/10/12/,C/C/C/C/C/C/C/C/C/C/C/C/C/,78,84
girlscouts-data-BabyCub,doinorder-t,END,"    this.dragon.say(Turn the music up!) /
    do together / {
      this.music system.play music() /
      do in order / {
        this.dragon.get dressed() /
        this.yeti.get dressed() /
        this.hippo.get dressed() /
        this.ostrich.get dressed() /
        do together / {
          this.dragon.front flip() /
          this.hippo.front flip() /
          this.ostrich.front flip() /
          this.yeti.front flip() /
        }
      }
    }",3,13,0,88
girlscouts-data-BabyCub,doinorder-u,PUZZLE,2/6/1/4/3/8/7/5/,2/6/1/4/3/8/7/5/,I/U/U/U/U/U/U/U/,47,-1
girlscouts-data-BabyCub,doinorder-u,REFERENCE,2/6/1/4/3/8/7/5/,1/6/2/4/3/8/7/5/,I/U/U/U/U/U/U/U/,53,59
girlscouts-data-BabyCub,doinorder-u,PUZZLE,1/6/2/4/3/8/7/5/,1/6/2/4/3/8/7/5/,C/I/U/U/U/U/U/U/,62,67
girlscouts-data-BabyCub,doinorder-u,PUZZLE,1/6/2/4/3/8/7/5/,1/6/2/4/3/8/7/5/,C/I/U/U/U/U/U/U/,71,78
girlscouts-data-BabyCub,doinorder-u,PUZZLE,1/6/2/4/3/8/7/5/,1/6/2/4/3/8/7/5/,C/I/U/U/U/U/U/U/,83,-1
girlscouts-data-BabyCub,doinorder-u,REFERENCE,1/6/2/4/3/8/7/5/,1/6/2/4/3/8/7/5/,C/I/U/U/U/U/U/U/,87,-1
girlscouts-data-BabyCub,doinorder-u,REFERENCE,1/6/2/4/3/8/7/5/,1/6/2/4/3/8/7/5/,C/I/U/U/U/U/U/U/,89,-1
girlscouts-data-BabyCub,doinorder-u,REFERENCE,1/6/2/4/3/8/7/5/,1/6/2/5/4/8/7/3/,C/I/U/U/U/U/U/U/,96,100
girlscouts-data-BabyCub,doinorder-u,PUZZLE,1/6/2/5/4/8/7/3/,1/6/2/5/4/8/7/3/,C/I/U/U/U/U/U/U/,107,-1
girlscouts-data-BabyCub,doinorder-u,REFERENCE,1/6/2/5/4/8/7/3/,1/6/2/5/3/8/7/4/,C/I/U/U/U/U/U/U/,112,117
girlscouts-data-BabyCub,doinorder-u,PUZZLE,1/6/2/5/3/8/7/4/,2/1/3/6/5/8/7/4/,C/I/U/U/U/U/U/U/,131,136
girlscouts-data-BabyCub,doinorder-u,PUZZLE,2/1/3/6/5/8/7/4/,2/3/1/6/5/8/7/4/,I/U/U/U/U/U/U/U/,150,154
girlscouts-data-BabyCub,doinorder-u,PUZZLE,2/3/1/6/5/8/7/4/,1/3/2/5/6/8/7/4/,I/U/U/U/U/U/U/U/,176,181
girlscouts-data-BabyCub,doinorder-u,PUZZLE,1/3/2/5/6/8/7/4/,1/4/3/5/6/8/7/2/,C/I/U/U/U/U/U/U/,193,197
girlscouts-data-BabyCub,doinorder-u,PUZZLE,1/4/3/5/6/8/7/2/,1/4/2/5/3/8/7/6/,C/I/U/U/U/U/U/U/,200,205
girlscouts-data-BabyCub,doinorder-u,PUZZLE,1/4/2/5/3/8/7/6/,1/5/2/4/3/8/7/6/,C/I/U/U/U/U/U/U/,214,219
girlscouts-data-BabyCub,doinorder-u,PUZZLE,1/5/2/4/3/8/7/6/,1/5/3/2/4/8/7/6/,C/I/U/U/U/U/U/U/,233,239
girlscouts-data-BabyCub,doinorder-u,PUZZLE,1/5/3/2/4/8/7/6/,1/5/3/2/4/8/7/6/,C/I/U/U/U/U/U/U/,247,-1
girlscouts-data-BabyCub,doinorder-u,REFERENCE,1/5/3/2/4/8/7/6/,1/-1/2/4/5/6/7/3/,C/I/U/U/U/U/U/U/,254,260
girlscouts-data-BabyCub,doinorder-u,PUZZLE,1/-1/2/4/5/6/7/3/,2/3/1/5/6/7/8/4/,C/I/U/U/U/U/U/U/,301,310
girlscouts-data-BabyCub,doinorder-u,PUZZLE,2/3/1/5/6/7/8/4/,1/3/2/5/6/7/8/4/,I/U/U/U/U/U/U/U/,321,324
girlscouts-data-BabyCub,doinorder-u,PUZZLE,1/3/2/5/6/7/8/4/,1/3/2/5/-1/6/7/4/,C/I/U/U/U/U/U/U/,335,340
girlscouts-data-BabyCub,doinorder-u,PUZZLE,1/3/2/5/-1/6/7/4/,1/3/2/5/6/7/8/4/,C/I/U/U/U/U/U/U/,347,352
girlscouts-data-BabyCub,doinorder-u,PUZZLE,1/3/2/5/6/7/8/4/,1/6/5/8/2/3/4/7/,C/I/U/U/U/U/U/U/,358,363
girlscouts-data-BabyCub,doinorder-u,PUZZLE,1/6/5/8/2/3/4/7/,1/6/5/8/2/3/4/7/,C/C/I/I/C/I/U/U/,385,-1
girlscouts-data-BabyCub,doinorder-u,PUZZLE,1/6/5/8/2/3/4/7/,1/2/8/4/5/6/7/3/,C/C/I/I/C/I/U/U/,397,405
girlscouts-data-BabyCub,doinorder-u,PUZZLE,1/2/8/4/5/6/7/3/,1/2/-1/4/-1/6/5/3/,C/C/C/I/I/U/U/U/,415,429
girlscouts-data-BabyCub,doinorder-u,PUZZLE,1/2/-1/4/-1/6/5/3/,1/4/2/3/-1/7/6/5/,C/C/C/I/I/I/I/U/,439,442
girlscouts-data-BabyCub,doinorder-u,PUZZLE,1/4/2/3/-1/7/6/5/,1/5/2/4/3/8/7/6/,C/I/U/U/U/U/U/U/,463,472
girlscouts-data-BabyCub,doinorder-u,PUZZLE,1/5/2/4/3/8/7/6/,1/5/2/4/3/8/7/6/,C/I/U/U/U/U/U/U/,479,-1
girlscouts-data-BabyCub,doinorder-u,REFERENCE,1/5/2/4/3/8/7/6/,1/5/2/4/3/8/7/6/,C/I/U/U/U/U/U/U/,486,-1
girlscouts-data-BabyCub,doinorder-u,REFERENCE,1/5/2/4/3/8/7/6/,1/6/5/3/2/7/8/4/,C/I/U/U/U/U/U/U/,491,498
girlscouts-data-BabyCub,doinorder-u,PUZZLE,1/6/5/3/2/7/8/4/,1/6/5/3/2/7/8/4/,C/C/I/C/C/I/U/U/,553,564
girlscouts-data-BabyCub,doinorder-u,PUZZLE,1/6/5/3/2/7/8/4/,1/7/5/3/2/6/8/4/,C/C/I/C/C/I/U/U/,581,587
girlscouts-data-BabyCub,doinorder-u,PUZZLE,1/7/5/3/2/6/8/4/,1/5/7/3/2/8/6/4/,C/C/I/C/C/I/U/U/,595,601
girlscouts-data-BabyCub,doinorder-u,PUZZLE,1/5/7/3/2/8/6/4/,1/7/5/3/2/6/8/4/,C/C/I/C/I/U/U/U/,621,625
girlscouts-data-BabyCub,doinorder-u,PUZZLE,1/7/5/3/2/6/8/4/,1/6/5/3/2/7/8/4/,C/C/I/C/C/I/U/U/,638,643
girlscouts-data-BabyCub,doinorder-u,PUZZLE,1/6/5/3/2/7/8/4/,1/5/8/3/2/6/7/4/,C/C/I/C/C/I/U/U/,648,658
girlscouts-data-BabyCub,doinorder-u,PUZZLE,1/5/8/3/2/6/7/4/,1/6/2/4/3/7/8/5/,C/C/I/C/I/U/U/U/,669,682
girlscouts-data-BabyCub,doinorder-u,PUZZLE,1/6/2/4/3/7/8/5/,1/6/3/5/4/7/8/2/,C/I/U/U/U/U/U/U/,698,706
girlscouts-data-BabyCub,doinorder-u,PUZZLE,1/6/3/5/4/7/8/2/,1/6/4/5/2/8/7/3/,C/I/U/U/U/U/U/U/,712,715
girlscouts-data-BabyCub,doinorder-u,PUZZLE,1/6/4/5/2/8/7/3/,1/6/4/5/2/8/7/3/,C/C/C/C/C/C/C/C/,766,775
girlscouts-data-BabyCub,doinorder-u,END,"    this.cheshireCat.say(This better work....) /
    do together / {
      do in order / {
        this.marchHare.say(Hip-hip) /
        do together / {
          this.marchHare.say(Hurray!!!) /
          this.cheshireCat.say(Hurray!!!) /
        }
      }
      this.hotAirBalloon.move(TypeExpression.UP, 5.0) /
    }",5,8,0,779
girlscouts-data-BabyCub,doinorder-j,PUZZLE,1/-1/-1/2/-1/-1/-1/-1/3/-1/-1/,1/-1/2/-1/-1/-1/-1/-1/-1/-1/-1/,C/I/U/U/U/U/U/U/U/U/U/,30,34
girlscouts-data-BabyCub,doinorder-j,PUZZLE,1/-1/2/-1/-1/-1/-1/-1/-1/-1/-1/,1/2/3/5/4/7/8/9/6/11/10/,C/I/U/U/U/U/U/U/U/U/U/,51,56
girlscouts-data-BabyCub,doinorder-j,PUZZLE,1/2/3/5/4/7/8/9/6/11/10/,1/11/10/2/3/4/5/6/9/8/7/,C/C/C/I/I/U/U/U/U/U/U/,90,110
girlscouts-data-BabyCub,doinorder-j,PUZZLE,1/11/10/2/3/4/5/6/9/8/7/,1/2/3/4/5/6/7/8/11/10/9/,C/I/U/U/U/U/U/U/U/U/U/,152,188
girlscouts-data-BabyCub,doinorder-j,PUZZLE,1/2/3/4/5/6/7/8/11/10/9/,1/2/3/4/5/6/7/8/9/11/10/,C/C/C/C/C/C/C/C/I/U/U/,206,224
girlscouts-data-BabyCub,doinorder-j,PUZZLE,1/2/3/4/5/6/7/8/9/11/10/,1/2/3/4/5/6/7/8/9/11/10/,C/C/C/C/C/C/C/C/C/C/C/,229,242
girlscouts-data-BabyCub,doinorder-j,END,"    this.troll.think(This place is terrifying.) /
    do together / {
      this.fishingBoat.float down river() /
      do in order / {
        this.caiman.snap mouth() /
        this.troll.say(Maybe this one is nice!) /
        this.billyGoat.shake head() /
        this.troll.say(Elephants are gentle giants!) /
        do together / {
          this.elephant.setPaint(TypeExpression.RED) /
          this.elephant.getHead().pointAt(this.troll) /
        }
      }
    }",6,11,0,248
girlscouts-data-BabyCub,doinorder-h,PUZZLE,1/2/3/4/10/6/7/8/9/5/11/12/,1/2/3/4/10/6/7/8/9/5/11/12/,C/C/C/C/C/C/C/C/C/I/U/U/,88,106
girlscouts-data-BabyCub,doinorder-h,PUZZLE,1/2/3/4/10/6/7/8/9/5/11/12/,1/2/3/4/10/6/7/8/9/5/11/12/,C/C/C/C/C/C/C/C/C/C/C/C/,112,124
girlscouts-data-BabyCub,doinorder-h,END,"    do together / {
      this.yeti.scratch head() /
      this.yeti.think(What to do..) /
    }
    this.yeti.say(Time to dance!) /
    do together / {
      this.yeti.dance() /
      do in order / {
        this.yetiBaby.turnToFace(this.yeti) /
        GlobalFirstInstanceExpression.scene.yetiBaby.say(Dad, you're embarrassing me!) /
        do together / {
          this.yetiBaby.turn(TypeExpression.RIGHT, 0.5) /
          this.yetiBaby.walk(5.5) /
        }
      }
    }",5,12,0,128
